IS_IN_CONTROL_GROUP,CHURNED_AFTER_CONTACT
0,1
0,0
1,0
0,0
1,0
0,0
0,0
0,0
0,0
0,0
0,0
0,0
0,0
0,0
0,0
0,0
1,0
0,0
0,0
0,0
0,0
0,0
0,0
0,0
0,0
0,0
0,0
0,0
0,0
0,0
0,0
1,0
0,0
0,0
0,0
0,0
0,0
0,0
0,0
0,0
1,0
0,0
0,0
1,0
0,0
0,0
0,0
0,0
0,0
0,0
0,0
0,0
0,0
0,0
0,0
0,0
0,0
1,0
0,0
0,0
1,0
0,0
1,0
0,0
1,0
0,0
1,0
0,0
0,0
0,0
0,0
1,0
0,0
0,0
0,0
0,0
0,0
0,0
0,0
0,0
0,0
0,0
0,0
0,0
0,0
1,0
0,0
0,0
0,0
0,0
0,0
0,0
0,0
0,0
0,0
1,0
1,0
0,0
0,0
0,0
0,0
0,0
1,0
0,0
0,0
0,0
0,0
0,0
0,0
0,0
0,0
0,0
1,0
0,0
0,0
0,0
0,0
1,0
0,0
0,0
0,0
0,0
0,0
1,0
0,0
0,0
0,0
0,0
0,0
1,0
0,0
1,0
0,0
0,0
0,0
0,0
0,0
0,0
0,0
0,0
0,0
0,0
0,0
0,0
1,0
0,0
0,0
0,0
1,0
0,0
0,0
0,0
0,0
1,0
0,0
0,0
0,0
0,0
1,1
1,0
1,0
0,0
1,0
0,0
0,0
0,0
0,0
0,0
1,0
0,0
0,0
0,0
0,0
1,0
0,0
0,0
0,0
0,0
1,0
0,0
0,0
0,0
0,0
1,0
1,0
0,0
0,0
1,0
0,0
0,0
0,0
0,0
0,0
0,0
0,0
0,0
1,0
0,0
0,0
0,1
0,0
0,0
0,0
0,0
0,0
0,0
1,0
0,0
0,0
0,0
0,0
0,0
1,0
0,0
0,0
0,0
0,0
0,0
0,0
0,0
0,0
0,0
0,0
0,1
0,0
1,0
0,0
0,0
0,0
0,0
0,0
0,0
0,0
0,0
0,0
0,0
1,0
0,0
0,0
0,0
0,0
0,0
1,0
1,0
0,0
0,0
0,0
0,0
0,0
0,0
0,0
0,0
0,0
0,0
0,0
0,0
0,0
0,0
0,0
0,0
0,0
0,0
0,0
0,0
0,0
0,0
1,0
0,0
0,0
0,0
0,0
0,0
0,0
1,0
0,0
0,0
0,0
0,0
1,0
0,0
0,0
0,0
0,0
0,0
1,0
0,0
0,0
1,0
0,0
0,0
1,0
0,0
0,0
0,1
0,0
0,0
0,0
0,0
1,0
0,0
1,0
0,0
0,0
0,0
0,0
1,0
0,0
0,0
0,0
0,0
0,0
0,0
0,0
1,0
0,0
0,0
0,0
0,0
0,0
0,0
0,0
0,0
0,0
1,0
0,0
0,0
0,0
0,0
0,0
0,0
0,0
0,0
1,0
1,0
0,0
0,0
0,0
0,0
0,0
0,0
1,0
1,0
1,0
0,0
0,0
1,0
1,0
0,0
0,0
0,0
0,0
1,0
1,1
0,0
0,0
0,0
0,0
0,0
0,0
0,0
0,0
0,0
1,0
0,0
0,0
0,0
1,0
0,0
1,0
0,0
0,0
0,0
0,0
0,0
0,0
0,0
0,0
1,0
0,0
0,0
0,0
0,0
0,0
0,0
0,0
0,0
1,0
0,0
1,0
1,0
0,0
0,0
0,0
0,0
1,0
0,0
0,0
0,0
0,0
0,0
0,0
0,0
1,0
0,0
0,0
0,0
0,0
0,0
0,0
1,0
0,1
0,0
0,0
0,0
0,0
0,0
0,0
0,0
0,0
0,0
0,0
0,0
0,0
0,0
1,0
0,0
0,0
0,0
0,0
0,0
1,0
0,0
0,0
0,0
0,0
0,0
0,0
0,0
0,0
0,0
0,0
1,0
0,0
0,0
1,0
1,0
1,0
0,0
1,0
0,0
1,0
0,0
1,0
0,0
0,0
0,0
1,0
0,0
0,0
0,0
0,0
0,0
0,0
0,0
0,0
0,0
0,0
0,0
0,0
0,0
0,0
0,0
0,0
1,0
0,0
0,0
0,0
0,0
0,0
0,0
0,0
0,0
0,0
1,0
1,0
0,0
0,0
0,0
0,0
1,0
0,0
0,0
1,0
0,0
0,0
0,0
0,0
0,0
0,0
0,0
0,0
1,0
1,0
0,0
1,0
0,0
0,0
0,0
1,0
1,0
0,0
1,0
0,0
0,1
0,0
0,0
0,0
0,0
0,0
0,0
0,0
0,0
0,0
0,0
0,0
0,0
0,0
0,0
0,0
1,0
0,0
0,0
0,0
0,0
0,0
0,0
0,0
0,0
0,0
1,0
0,0
0,0
0,0
0,0
0,0
0,1
1,0
0,0
0,0
0,0
1,0
0,0
1,0
0,0
1,0
0,0
0,0
0,0
0,0
1,0
0,0
0,0
0,0
0,0
1,0
0,0
0,0
1,0
1,0
0,0
0,0
0,0
0,0
0,0
0,0
1,0
0,0
0,0
0,0
0,0
1,0
0,0
0,0
0,0
0,0
0,0
0,0
0,1
0,0
0,0
0,0
0,0
0,0
0,0
1,0
0,0
1,0
0,0
1,0
0,0
1,0
0,0
1,0
0,0
0,0
1,0
0,0
1,0
0,0
1,1
1,0
0,0
1,0
0,0
0,0
1,0
0,0
0,0
0,0
1,0
1,0
0,0
0,0
0,0
0,0
0,0
0,0
0,0
0,0
0,1
1,0
1,0
0,0
1,0
0,0
0,0
0,0
0,0
0,0
0,0
0,0
0,0
0,0
0,0
0,0
0,0
0,0
1,0
1,0
0,0
0,0
0,0
1,0
0,0
0,0
0,0
0,0
1,0
1,0
0,0
1,0
1,1
0,0
0,0
1,0
0,0
0,0
1,0
1,0
0,0
0,0
1,0
0,0
0,0
0,0
0,0
1,0
0,0
0,0
0,0
0,0
1,0
0,0
0,0
0,0
0,0
0,0
0,0
0,0
0,0
0,0
0,0
0,0
0,0
1,0
1,0
1,0
0,0
0,0
0,0
0,0
1,0
0,0
0,0
0,0
0,0
1,0
0,0
0,0
1,0
0,0
0,0
1,0
0,0
1,0
0,0
0,1
0,0
0,0
1,0
0,0
0,0
0,0
1,0
1,0
0,0
0,0
0,0
1,0
0,0
0,0
0,0
0,0
0,0
0,0
0,0
0,0
0,0
0,0
0,0
0,0
0,0
0,0
0,0
0,0
0,0
0,0
1,0
0,0
0,0
1,0
0,0
0,0
0,0
1,0
0,0
0,0
1,0
0,0
0,0
0,0
0,0
0,0
0,0
0,0
0,0
0,0
0,0
0,0
0,0
1,0
0,0
0,0
0,0
0,0
0,0
0,0
0,0
1,0
1,0
1,0
1,0
0,0
1,0
1,0
0,0
0,0
0,1
0,0
1,0
0,0
0,0
0,0
0,0
0,0
1,0
0,0
0,0
0,0
0,0
1,0
1,0
1,0
0,0
0,0
0,0
1,0
1,0
0,0
0,0
0,0
0,0
0,0
0,0
0,0
0,0
0,0
0,0
0,0
1,0
0,0
0,0
0,0
0,0
0,0
0,0
0,0
0,0
0,0
0,0
0,1
0,0
0,0
0,0
0,0
0,0
0,0
0,0
1,0
0,0
0,0
0,0
0,0
0,0
0,0
0,0
0,0
0,0
1,0
1,0
0,0
0,0
0,0
1,0
0,0
0,0
0,0
0,0
1,0
0,0
0,0
0,0
0,0
0,0
0,0
0,0
1,0
0,0
0,0
0,0
1,0
0,0
0,0
1,0
0,0
0,0
0,0
1,0
0,0
0,0
0,0
0,0
0,0
1,0
0,0
0,1
1,0
0,0
0,0
0,0
0,0
1,0
0,0
0,0
1,0
1,0
1,0
0,0
0,0
0,0
0,0
0,0
0,0
0,0
1,0
0,0
0,0
0,0
0,0
1,0
0,0
0,0
0,0
0,0
0,0
0,0
0,0
0,0
1,0
1,0
0,0
0,0
0,0
0,0
0,0
0,0
0,0
0,0
0,0
0,0
0,0
0,0
0,0
0,0
0,0
0,0
0,0
0,0
0,0
1,0
0,0
0,0
0,0
0,0
0,0
0,0
1,0
1,0
1,0
0,0
1,0
0,0
1,0
0,0
0,0
0,0
0,0
0,0
1,0
0,0
0,0
0,0
0,0
0,0
0,0
0,0
1,0
1,0
0,0
1,0
1,0
0,0
0,0
0,0
0,0
1,0
1,0
0,0
1,0
0,0
0,0
0,0
0,0
1,0
0,1
0,0
0,0
0,0
0,0
1,0
0,0
0,0
0,0
0,0
0,0
1,0
0,0
0,0
1,0
0,0
0,0
1,0
0,1
0,0
0,0
0,0
1,0
0,0
1,0
0,0
0,0
0,0
0,0
1,0
0,0
1,0
0,0
0,0
1,0
1,0
0,0
0,0
0,0
0,0
1,0
0,0
0,0
0,0
0,0
0,0
0,0
0,0
1,0
0,0
0,0
0,0
1,0
0,0
1,0
0,0
0,0
0,0
0,0
0,0
1,0
0,0
0,0
0,0
1,0
0,0
0,0
0,0
0,0
0,0
0,0
0,0
1,0
0,0
0,0
0,0
0,0
0,0
0,0
0,0
0,0
0,0
1,0
0,0
0,0
0,0
0,0
0,0
0,0
0,0
1,0
1,0
0,0
0,0
1,0
0,1
0,0
0,0
0,0
0,0
0,0
0,0
0,0
0,0
1,0
0,0
0,0
0,0
0,0
0,0
0,0
0,0
0,0
0,0
0,0
0,0
0,0
0,0
1,0
0,0
0,0
0,0
0,0
0,0
0,0
0,0
0,0
0,0
0,0
0,0
0,0
0,0
0,0
0,0
0,0
1,0
0,0
0,0
0,0
0,0
0,0
0,0
0,0
0,0
0,0
0,0
1,0
0,0
0,0
0,0
0,0
1,0
0,0
0,0
0,0
0,0
0,0
0,0
1,1
0,0
0,0
0,0
0,0
0,0
0,0
0,0
0,0
0,0
0,0
0,0
0,0
1,0
0,0
0,0
0,0
0,0
0,0
0,0
0,0
0,0
0,0
0,0
0,0
0,0
0,0
0,0
0,0
0,0
0,0
0,0
0,0
1,0
1,0
0,0
0,0
0,0
0,0
0,0
0,0
0,0
0,0
0,0
0,0
0,0
0,0
0,0
0,0
0,0
0,0
0,0
0,0
0,0
0,0
0,0
0,0
0,0
0,0
1,0
0,0
1,0
1,0
0,0
0,1
0,0
0,0
0,0
0,0
0,0
0,0
0,0
0,0
0,0
0,0
0,0
0,0
0,0
0,0
1,0
0,0
0,0
0,0
0,0
0,0
0,0
0,0
1,0
0,0
0,0
0,0
0,0
1,0
0,0
0,0
1,0
1,0
0,0
1,0
0,0
0,0
1,0
0,0
0,0
0,0
1,0
0,0
0,0
0,0
0,0
0,0
0,0
0,0
0,0
0,0
0,0
0,0
0,0
0,0
0,0
0,0
0,0
0,0
1,0
1,0
0,0
0,0
0,0
0,0
0,0
0,0
0,0
1,0
0,0
0,0
1,0
0,0
0,0
0,0
0,0
0,0
0,0
0,0
0,0
1,0
0,0
0,0
0,0
0,0
0,0
0,0
0,0
1,0
0,0
0,0
1,1
0,0
0,0
0,0
0,0
0,0
1,0
0,0
0,0
0,0
0,0
0,0
1,0
0,0
0,0
1,0
0,0
0,0
0,0
0,1
0,0
0,0
0,0
0,0
0,0
0,0
0,0
1,0
0,0
0,0
0,0
0,0
0,0
0,0
0,0
0,0
1,0
0,0
0,0
0,0
0,0
0,0
0,0
0,0
0,0
0,0
0,0
0,0
0,0
0,0
1,0
0,0
0,0
0,0
0,0
0,0
1,0
0,0
0,0
1,0
0,0
0,0
0,0
1,0
0,0
0,0
0,0
1,0
0,0
0,0
0,0
0,0
1,0
0,0
0,0
1,0
0,0
0,0
0,0
0,0
0,0
0,0
0,0
1,0
0,0
0,0
0,0
0,0
1,0
0,0
0,0
1,0
1,0
1,0
1,0
0,0
0,0
1,0
0,0
0,0
1,0
0,0
0,0
0,0
1,0
1,0
0,0
0,0
0,0
1,0
0,0
0,0
0,0
1,0
0,0
0,0
1,0
0,0
0,0
1,0
1,0
0,0
0,0
0,0
0,0
0,0
1,0
1,0
0,0
0,0
0,0
0,0
0,0
0,0
0,0
1,0
1,0
0,0
0,0
0,0
1,0
0,0
0,0
1,0
0,0
0,0
0,0
0,0
0,0
0,0
1,0
1,0
0,0
1,0
0,0
0,0
1,0
0,0
1,0
0,0
0,0
0,0
0,0
1,0
0,0
0,0
0,0
0,0
0,0
0,0
0,0
0,0
1,0
1,0
0,0
0,0
0,0
0,0
0,0
1,0
0,0
0,0
0,0
0,0
0,0
0,0
0,0
0,0
1,0
0,0
0,0
0,0
0,0
1,0
0,0
0,0
0,0
1,0
0,0
0,0
1,0
0,0
1,0
1,0
0,0
0,0
1,0
1,0
0,1
0,0
0,0
0,0
0,0
1,0
0,0
1,0
0,0
1,0
0,0
0,0
0,0
0,0
0,0
0,0
0,0
0,0
0,0
0,0
0,0
0,0
0,0
0,0
0,0
0,0
0,0
0,0
1,0
0,0
0,0
0,0
0,0
0,0
1,0
1,0
1,0
1,0
1,0
0,0
0,0
0,0
0,0
0,0
0,0
0,0
0,0
0,0
1,0
1,0
1,0
0,0
1,0
0,0
0,0
0,0
1,0
0,0
1,0
0,0
0,0
0,1
1,0
0,0
0,0
0,0
0,0
0,0
0,0
0,0
0,0
0,0
1,0
1,0
0,0
0,0
0,0
0,0
0,0
0,0
0,0
0,0
0,0
0,0
0,0
0,0
0,0
0,0
1,0
0,0
0,0
0,0
1,0
0,0
1,0
0,0
0,0
0,0
0,0
0,0
0,0
0,0
0,0
0,0
0,0
0,0
0,0
0,0
0,0
0,0
0,0
0,0
1,0
0,0
0,0
0,0
0,0
0,0
0,0
0,0
0,0
0,0
0,0
0,0
0,1
0,0
1,0
0,0
0,0
0,0
1,0
1,0
0,0
1,0
0,0
0,0
0,0
0,0
0,0
1,0
1,0
1,0
0,0
0,0
0,0
0,0
0,0
1,0
0,0
0,0
0,0
0,0
1,0
0,0
0,0
1,0
1,0
0,0
0,0
0,0
0,0
0,0
1,0
0,0
1,0
0,0
1,0
0,0
1,0
0,0
0,0
0,0
0,0
0,0
0,0
0,0
0,0
0,0
0,0
0,0
1,0
0,0
0,0
0,0
0,0
0,0
0,0
0,0
1,0
0,0
0,0
0,0
0,1
0,0
0,0
1,0
0,0
0,0
0,0
0,0
0,0
1,0
1,0
0,0
0,0
0,0
0,0
0,0
0,0
0,0
0,0
0,0
0,0
0,0
1,0
0,0
0,0
0,0
0,0
0,0
0,0
0,0
0,0
0,0
1,0
0,0
0,0
1,0
0,0
0,0
1,0
0,0
1,0
1,0
0,0
0,0
0,0
0,0
0,0
1,0
0,0
0,0
0,0
0,0
1,0
0,0
0,0
1,0
0,0
0,0
0,0
0,0
1,0
0,0
0,0
0,0
0,0
0,0
0,0
0,0
0,0
0,0
0,0
0,0
0,0
0,0
0,0
0,0
0,0
0,0
0,0
0,0
1,0
0,0
0,0
0,0
0,0
1,0
1,0
0,0
0,0
0,0
0,0
1,0
0,0
1,0
0,0
0,0
0,0
1,0
0,0
0,0
0,0
0,0
1,0
0,0
0,0
1,0
0,0
0,0
0,0
0,0
0,0
0,0
0,0
0,0
1,0
0,0
0,0
1,0
0,0
0,0
0,0
0,0
0,0
0,0
0,0
0,0
0,0
0,0
0,0
0,0
0,0
0,0
1,0
1,0
0,0
0,0
0,0
0,0
0,0
0,0
1,0
0,0
0,0
0,0
0,0
0,0
0,0
0,0
0,0
0,0
0,0
0,0
0,0
0,0
0,0
0,0
0,0
1,0
0,0
0,0
0,0
1,0
0,0
0,0
1,0
0,0
0,0
0,0
1,0
0,0
0,0
0,0
0,0
0,0
1,0
0,0
1,0
0,0
0,0
0,0
0,0
0,0
1,0
0,0
0,1
0,0
0,0
0,0
0,0
1,0
0,0
0,0
0,0
0,0
0,0
0,0
0,0
1,0
1,0
1,0
0,0
0,0
0,0
1,0
0,0
0,0
0,0
0,0
0,0
0,0
0,0
0,0
0,0
0,0
0,0
0,0
0,0
0,0
0,0
0,0
0,0
0,0
0,0
1,0
0,0
0,0
0,0
0,1
0,0
0,0
0,0
0,0
0,0
1,0
0,0
1,0
0,0
1,0
0,0
0,0
0,0
0,0
0,0
0,0
0,0
0,0
0,0
0,0
1,0
0,0
0,0
0,0
0,0
0,0
0,0
0,0
0,0
0,1
0,0
0,0
0,0
0,0
1,0
0,0
0,0
0,0
0,0
0,0
0,0
1,0
0,0
0,0
0,0
0,0
1,0
0,0
0,0
0,0
0,0
0,0
0,0
0,0
0,0
0,0
0,0
0,0
0,0
0,0
0,0
0,0
1,0
0,0
0,0
1,0
0,0
0,0
1,0
0,0
0,0
0,0
1,0
0,0
0,0
0,0
0,0
1,0
1,0
0,0
0,0
0,0
0,0
1,0
0,0
0,0
0,0
1,0
0,0
0,0
1,0
1,0
1,0
0,0
0,0
0,0
1,0
0,0
0,0
0,0
0,0
0,0
0,0
0,0
0,0
0,0
0,0
0,0
0,0
1,0
1,0
0,0
0,0
0,0
0,0
0,0
0,0
0,0
0,0
1,0
0,0
1,0
0,0
0,0
1,0
0,0
0,0
0,0
0,0
1,0
0,0
1,0
0,0
1,0
0,0
0,0
0,0
1,0
0,0
0,0
0,0
1,0
1,0
0,0
1,1
1,0
0,0
1,0
0,0
0,1
1,0
0,0
0,1
0,0
0,0
0,0
1,0
0,0
0,0
0,0
0,0
0,0
0,0
0,0
0,0
1,0
0,0
0,0
0,0
0,0
0,0
0,0
0,0
0,0
0,1
1,0
0,0
0,0
1,0
1,0
1,0
0,0
0,0
0,0
0,0
0,0
1,0
0,0
0,0
0,0
0,0
1,0
1,0
0,0
1,0
1,0
1,0
1,0
0,0
0,0
1,0
1,0
0,0
1,0
0,0
0,0
1,0
0,0
0,0
0,0
1,0
0,0
0,0
0,0
1,0
0,0
0,0
0,0
0,0
0,0
0,0
0,0
0,0
0,0
0,0
1,0
0,0
1,0
0,0
0,0
0,0
0,0
1,0
0,0
0,0
0,0
0,0
0,0
0,0
1,0
0,0
0,0
0,0
1,0
0,0
0,0
0,0
0,0
0,0
1,0
0,0
0,0
0,0
0,0
0,0
0,0
0,0
1,0
0,0
0,0
0,0
0,0
1,0
0,0
0,0
0,0
0,0
1,0
0,0
0,0
0,0
0,0
1,0
0,0
0,0
0,0
1,0
0,0
0,0
0,0
0,0
0,0
0,0
0,0
0,0
0,0
0,0
1,0
0,0
0,0
0,0
1,0
0,0
0,0
1,0
0,0
1,0
0,0
1,0
0,0
0,0
1,0
0,0
1,0
1,0
0,0
1,0
0,0
0,0
1,0
0,0
1,0
0,0
0,0
0,0
1,0
1,0
1,0
1,0
0,0
0,0
0,0
0,0
0,0
0,0
0,0
1,0
0,0
1,0
0,1
0,0
0,0
0,0
0,0
0,0
0,0
0,0
1,0
0,0
0,0
1,0
0,1
0,0
1,0
0,0
1,0
1,0
0,0
0,0
0,0
0,0
0,0
0,0
1,0
0,0
1,0
0,0
0,0
0,0
0,0
1,0
0,0
0,0
0,0
1,1
0,0
0,0
0,0
0,0
1,0
0,0
1,1
0,0
1,0
0,0
0,0
0,0
0,0
0,0
1,0
1,0
0,0
0,0
1,0
0,0
0,0
1,0
0,0
0,0
0,0
0,0
0,0
0,0
0,0
0,0
0,0
0,0
0,0
0,0
1,0
0,0
0,0
0,0
1,0
0,0
1,0
1,0
0,0
0,0
0,0
0,0
0,0
0,0
0,0
0,0
0,0
0,0
1,0
1,0
0,0
0,0
0,0
0,0
0,0
0,0
0,0
0,0
1,0
1,0
0,0
1,0
0,0
0,0
1,0
0,0
1,0
0,0
0,0
0,0
0,0
0,0
0,0
0,0
0,0
0,1
0,0
0,0
1,0
0,0
0,0
0,0
0,0
0,0
0,0
0,0
0,0
0,0
0,0
0,0
0,0
0,0
1,0
1,0
0,1
0,0
0,0
0,0
0,0
0,0
0,0
0,0
0,0
0,0
0,0
0,0
0,0
0,0
0,0
0,0
1,0
1,0
0,0
0,0
0,0
0,0
0,0
0,0
0,0
0,1
1,0
0,0
0,0
0,0
0,0
0,0
0,0
0,0
1,0
0,0
1,0
0,0
0,0
0,0
0,0
0,0
1,0
0,0
0,0
0,0
0,0
1,0
0,0
0,0
0,0
0,0
0,0
0,0
0,0
0,0
1,0
0,0
0,0
1,0
0,0
0,0
0,0
1,0
0,0
1,0
0,0
0,0
0,0
0,0
0,0
0,0
0,0
0,0
0,0
0,0
0,0
0,0
0,0
0,0
0,0
0,0
0,0
0,0
0,0
0,0
0,0
0,0
0,0
1,0
0,0
0,0
0,0
0,0
0,0
0,0
0,0
0,0
1,0
1,0
0,0
0,0
0,0
1,0
0,0
0,0
0,0
0,0
0,0
0,0
0,0
1,0
1,0
1,0
0,0
0,0
0,0
0,0
0,0
0,0
0,0
0,0
0,0
0,0
1,0
0,0
0,0
0,0
0,0
0,0
1,0
0,0
0,0
0,0
1,0
1,0
0,0
1,0
0,0
0,0
1,0
0,0
0,0
0,0
1,0
0,0
0,0
0,0
0,0
0,0
0,0
0,0
0,0
0,0
0,0
0,0
0,0
0,0
0,0
0,0
0,0
1,0
1,0
0,0
1,0
0,0
0,0
0,0
0,0
0,0
0,0
1,0
1,0
1,0
0,0
0,0
0,0
0,0
1,0
0,0
0,0
0,0
1,0
0,0
1,0
0,0
0,0
1,0
0,0
1,0
0,0
0,0
0,0
1,0
1,0
0,0
0,0
0,0
0,0
1,0
0,0
0,0
1,0
0,0
0,0
0,0
0,0
0,0
1,0
0,0
0,0
0,0
0,0
1,0
0,0
0,0
0,0
0,0
0,0
0,0
0,0
0,0
1,0
0,0
0,0
1,0
0,0
0,0
0,0
0,0
0,0
0,0
1,0
0,0
1,0
0,0
0,0
0,0
0,0
0,0
0,0
0,0
0,0
1,0
0,0
0,1
0,0
0,0
0,0
0,0
0,0
0,0
0,0
0,0
0,0
1,0
1,0
0,0
0,0
0,0
0,0
0,0
1,0
0,0
0,0
0,0
0,0
0,0
0,0
0,0
1,0
0,0
0,0
0,0
0,0
0,1
0,0
0,0
0,0
0,0
1,0
1,0
0,0
0,0
1,0
0,0
0,0
0,0
0,0
0,0
0,0
0,0
0,0
0,0
0,0
1,0
1,0
0,0
0,0
0,0
1,0
0,0
0,0
0,0
0,0
0,0
0,0
1,0
0,0
1,0
1,0
0,0
0,0
0,0
0,0
0,0
0,0
0,0
1,0
0,0
1,0
1,0
0,0
0,0
1,0
0,0
1,0
0,0
0,0
0,0
0,0
0,0
1,0
0,0
0,0
0,0
0,0
0,0
1,0
0,0
1,0
1,0
0,0
1,0
0,0
0,0
0,0
0,0
1,0
1,0
0,0
0,0
0,0
0,1
0,0
0,0
0,0
0,0
0,0
0,0
0,0
0,0
0,0
0,0
0,0
1,0
0,0
0,0
0,0
0,0
0,0
0,0
0,0
0,0
0,0
0,0
0,0
0,0
0,0
0,0
1,0
0,0
0,0
0,0
1,0
1,0
0,0
0,0
0,0
1,0
0,0
0,0
0,0
1,0
0,0
0,0
1,0
0,0
0,0
0,0
0,0
0,0
0,0
0,0
1,0
0,0
0,0
0,0
0,0
0,0
0,0
1,0
1,0
0,0
0,0
0,0
1,0
0,0
0,0
0,0
1,0
0,0
0,0
1,0
0,0
0,0
1,0
0,0
0,0
1,0
0,0
0,0
0,0
0,0
0,0
0,0
0,0
1,0
0,0
0,0
0,0
1,0
0,0
0,0
1,0
0,0
0,0
0,0
0,0
0,0
0,0
0,0
0,0
0,0
0,0
1,0
0,0
0,0
0,0
0,0
0,0
0,0
0,0
0,0
0,0
0,0
0,0
0,0
1,0
0,0
0,0
0,0
0,0
0,0
1,0
0,0
0,0
1,0
1,0
0,0
0,0
0,0
0,0
0,0
0,0
0,0
1,0
0,0
0,0
0,0
0,0
0,0
0,0
0,0
0,0
0,0
0,0
1,0
0,0
0,0
0,0
0,0
0,0
0,0
0,0
0,0
0,0
0,0
0,0
0,0
0,0
1,0
1,0
0,0
1,0
0,0
0,0
0,0
0,0
0,0
0,0
1,0
0,0
0,0
1,0
0,0
0,0
1,0
0,0
1,0
0,0
0,0
0,0
0,0
1,0
0,0
0,0
0,0
1,0
0,0
0,0
0,0
0,0
0,0
1,0
0,0
1,0
0,1
0,0
0,0
0,0
0,0
0,1
0,0
0,0
0,0
0,0
0,0
0,0
0,0
0,0
0,0
0,0
0,0
0,0
0,0
1,0
0,0
1,0
0,0
0,0
1,0
0,0
0,0
0,0
0,0
1,0
0,0
0,0
0,0
0,0
1,0
0,0
0,0
0,0
0,0
1,0
0,0
1,0
1,0
0,0
0,0
1,0
1,0
0,0
0,0
0,0
0,0
1,0
1,1
0,0
0,0
0,0
0,0
0,0
0,0
0,0
0,0
0,0
0,0
0,0
0,0
0,0
0,0
0,1
0,0
0,0
0,0
1,0
1,0
1,0
1,0
0,0
0,0
0,0
1,0
0,0
0,0
1,0
0,0
1,0
1,0
1,0
0,0
0,0
0,0
0,0
0,0
0,0
0,0
0,0
0,0
0,0
0,0
0,0
0,0
0,0
0,0
0,0
0,0
1,0
0,0
1,0
0,0
0,0
1,0
1,0
0,0
0,0
0,0
1,0
0,0
0,0
0,0
1,0
1,0
0,0
1,0
1,0
1,0
1,0
1,0
0,0
1,0
0,0
1,0
0,0
1,0
1,0
0,0
0,0
0,0
0,0
0,0
0,0
0,0
0,0
0,0
0,0
0,0
0,0
0,0
0,0
0,0
0,0
1,0
0,0
0,0
0,0
0,0
1,0
0,0
0,0
1,0
0,0
0,0
0,0
1,0
0,0
0,0
0,0
0,0
0,0
0,0
0,0
1,0
0,0
0,0
0,0
0,0
0,0
0,0
1,0
0,0
0,0
0,0
0,0
0,0
1,0
1,0
0,0
0,0
0,0
0,0
0,0
1,0
0,0
1,0
0,0
1,0
0,0
0,0
0,0
0,0
0,0
0,0
0,0
0,0
0,0
0,0
1,0
0,0
0,0
0,0
1,0
0,0
1,0
1,0
0,0
0,0
1,0
0,0
0,0
0,0
0,0
0,0
1,0
1,0
0,0
1,0
0,0
1,1
1,0
0,0
0,0
0,0
0,0
0,0
0,0
0,0
0,0
1,0
0,0
0,0
0,0
0,0
0,0
0,0
0,0
0,0
0,0
0,0
1,0
0,0
1,0
1,0
0,0
0,0
0,0
0,0
0,0
0,0
0,0
0,0
0,0
0,0
0,0
0,0
0,0
0,0
0,0
0,0
0,0
0,0
0,0
0,0
0,0
0,0
0,0
0,0
0,0
0,0
0,0
0,0
0,0
0,0
1,0
0,0
0,0
1,1
0,1
0,0
0,0
0,0
0,0
0,0
0,0
0,0
0,0
0,0
0,0
0,0
0,0
0,0
0,0
1,1
0,0
0,0
0,0
1,0
0,0
0,0
0,0
0,0
0,0
0,0
0,0
1,0
0,0
0,0
0,0
0,0
0,0
1,0
0,0
0,0
0,0
1,0
0,0
1,0
0,0
0,0
1,0
1,0
0,0
0,0
1,0
1,0
0,0
0,0
0,1
0,0
0,0
1,0
1,0
0,0
1,0
0,0
0,0
1,0
1,0
0,0
0,0
0,0
0,0
0,0
1,0
0,0
0,0
1,0
1,0
1,0
1,0
1,0
0,0
0,0
1,0
0,0
0,0
0,0
0,0
0,0
0,0
1,0
0,0
0,0
0,0
0,0
1,0
1,0
0,0
0,0
0,0
1,0
0,0
0,0
0,0
0,0
0,0
0,0
1,0
0,0
0,0
0,0
0,0
0,0
1,0
1,0
1,0
1,0
0,0
0,0
1,0
1,0
0,0
0,0
1,0
0,0
0,1
0,0
0,0
1,0
0,0
0,0
1,0
0,0
0,0
0,0
0,0
0,0
1,0
0,0
1,0
1,0
0,1
0,0
0,0
0,1
0,0
0,0
1,1
0,0
0,0
1,0
1,0
0,1
1,0
0,0
0,0
1,0
1,0
0,0
0,0
0,0
0,0
0,0
0,0
0,0
0,0
1,0
0,0
0,0
0,0
0,1
0,0
0,0
1,0
0,0
0,0
0,0
0,0
0,0
0,0
0,0
0,0
1,0
0,0
0,0
0,0
0,0
1,0
0,0
1,0
1,0
1,0
0,0
0,0
0,0
0,0
0,0
1,0
0,0
1,0
0,0
0,0
0,0
0,0
0,0
1,0
0,0
0,0
0,0
0,0
0,0
1,0
0,0
0,0
0,0
0,0
1,0
1,0
0,0
0,0
0,0
0,0
0,0
0,0
0,0
1,0
0,0
0,0
1,0
1,1
1,1
0,0
1,0
0,0
0,0
0,0
0,0
0,0
0,0
0,0
1,0
0,0
0,0
0,0
0,0
1,0
1,0
0,0
1,0
0,0
0,0
0,0
0,0
0,0
0,0
0,0
0,0
0,0
1,0
0,0
0,0
0,0
0,0
0,0
0,0
0,0
0,0
1,0
0,0
1,0
0,0
0,0
0,0
0,0
0,0
1,0
0,0
1,0
0,0
1,0
1,0
0,0
0,0
0,0
0,0
0,0
1,0
0,0
1,0
1,0
0,0
0,0
0,0
0,0
0,0
0,0
0,0
1,0
0,0
0,0
0,0
0,0
0,0
0,0
1,0
0,0
1,0
0,0
0,0
0,0
0,0
0,0
0,0
0,0
0,0
0,0
0,0
0,0
0,0
1,0
0,0
0,0
0,0
0,0
0,0
0,0
0,1
0,0
0,0
0,0
0,0
0,0
1,0
1,0
0,0
0,0
0,0
0,0
0,0
0,0
0,0
1,0
0,0
0,0
0,0
0,0
0,0
0,0
0,0
0,0
0,0
0,0
0,0
0,0
1,0
0,0
0,0
1,0
0,0
0,0
0,0
1,0
1,0
0,0
0,0
0,0
1,0
1,0
0,0
0,0
0,0
0,0
0,0
0,0
0,0
0,0
0,1
0,0
0,0
1,0
0,0
0,0
1,0
1,0
1,0
0,0
0,0
1,0
0,0
0,0
0,0
0,0
0,0
0,0
0,0
0,0
0,0
1,0
0,0
0,0
0,0
1,0
0,0
0,0
0,0
0,0
1,0
0,0
1,0
0,0
0,1
0,0
1,0
0,0
0,0
0,0
0,0
0,0
0,0
0,0
0,0
1,0
1,0
1,0
0,0
0,0
0,0
0,0
0,0
1,0
0,0
0,0
0,0
0,0
0,0
0,0
0,1
1,0
0,0
1,0
1,0
1,0
0,0
0,0
0,0
0,0
0,0
0,0
1,0
1,0
1,0
1,0
0,0
0,0
0,0
0,0
1,0
0,0
0,0
1,0
1,0
0,0
0,0
0,0
0,0
0,0
0,0
1,0
0,0
1,0
0,0
0,0
1,0
0,0
0,0
0,0
0,0
1,0
0,0
0,0
0,0
0,0
0,0
0,0
0,0
0,0
0,0
0,0
1,0
0,0
0,0
0,0
0,0
0,0
0,0
0,0
0,0
0,0
0,0
0,0
0,0
0,0
0,0
0,0
1,0
1,1
0,0
0,0
0,0
0,0
0,0
0,0
1,0
0,0
0,0
1,0
0,0
0,0
0,0
0,0
0,0
1,0
1,0
0,0
1,0
0,0
0,0
0,0
0,0
0,0
0,0
0,0
1,0
0,0
0,0
0,0
0,0
1,0
1,0
1,0
0,0
0,0
0,0
0,0
1,0
1,0
1,0
1,0
0,0
1,0
0,0
0,0
0,0
0,0
1,0
0,0
1,0
0,0
0,0
0,0
0,0
0,0
0,0
0,0
0,0
0,0
0,0
1,0
0,0
0,0
0,0
0,0
0,0
0,0
1,0
1,0
0,0
0,0
0,0
0,0
0,0
0,0
0,0
0,0
0,0
0,0
0,0
0,0
0,0
0,0
0,0
0,0
0,0
0,0
0,0
0,0
0,0
1,0
0,0
0,0
0,0
0,0
0,0
0,0
0,0
1,0
0,0
0,0
0,0
0,0
0,0
0,0
0,0
0,0
0,0
0,0
1,0
0,0
0,0
0,0
0,0
0,0
0,0
0,0
0,0
0,0
0,0
0,0
1,0
1,0
0,0
0,0
0,0
0,0
0,0
0,0
0,0
1,0
0,0
0,0
0,0
1,0
0,0
0,0
0,0
1,0
0,1
0,0
0,0
0,0
0,0
0,1
0,0
0,0
1,0
0,0
0,0
1,0
0,0
1,0
0,0
0,0
0,0
0,0
0,0
0,0
0,0
0,0
0,0
0,0
0,0
0,0
1,0
0,0
0,0
0,0
0,0
0,0
0,0
0,0
0,0
0,0
0,0
0,0
1,0
1,0
0,0
0,0
1,1
0,0
0,0
1,0
0,0
0,0
1,0
0,0
0,0
0,0
0,0
0,0
0,1
1,0
1,0
0,0
0,0
0,0
0,0
0,0
0,0
1,0
0,0
0,0
0,0
0,0
0,0
0,0
0,0
0,0
0,0
0,0
0,0
0,0
0,0
0,0
0,0
0,0
0,0
1,0
0,0
0,0
0,0
0,0
1,0
0,0
1,0
0,0
0,0
1,0
0,0
0,0
0,0
0,0
0,0
0,1
0,0
0,0
1,0
0,1
0,0
0,0
0,0
0,0
0,0
0,0
1,0
1,0
0,0
0,0
0,0
0,0
0,0
1,0
1,0
0,0
0,0
0,0
0,0
0,0
0,0
0,0
0,0
0,0
0,0
1,0
0,0
0,0
0,0
1,0
0,0
1,0
0,0
0,0
0,1
0,0
1,0
0,0
0,0
0,0
1,0
1,0
0,0
0,0
0,0
0,0
0,0
0,0
1,0
0,0
1,1
0,0
0,0
0,0
0,0
0,0
0,0
1,0
0,0
0,0
1,0
0,0
0,0
0,0
0,0
0,0
0,0
1,0
0,0
1,0
1,0
1,0
0,0
1,0
0,0
0,0
0,0
0,0
0,0
0,0
1,0
0,0
0,0
0,0
0,0
1,0
0,0
0,0
0,0
0,0
0,0
0,0
0,0
1,0
1,0
1,0
1,0
0,0
0,0
0,0
0,0
0,0
1,0
0,0
0,1
0,0
0,0
0,0
0,0
0,0
0,0
1,0
1,0
0,0
0,0
0,0
0,0
0,0
0,0
1,0
0,0
1,0
0,0
0,0
0,0
0,0
0,0
1,0
0,0
0,0
0,1
1,0
0,0
1,0
0,0
0,0
0,0
1,0
1,0
1,0
0,0
0,0
0,0
0,0
0,0
0,0
0,0
0,0
0,0
0,0
1,0
1,0
1,0
0,0
1,0
0,0
0,0
1,0
0,0
0,0
0,0
0,0
0,0
0,0
0,0
0,0
1,0
0,0
0,0
0,0
0,0
1,0
0,0
0,0
0,0
1,0
0,0
0,0
0,0
0,0
0,0
1,0
1,0
0,0
0,0
0,0
0,1
0,0
0,0
0,0
0,0
0,0
1,0
0,0
0,0
0,0
0,0
1,0
1,0
0,0
0,0
0,0
1,0
0,0
1,0
0,1
0,0
0,0
0,0
0,0
1,0
1,0
0,0
0,0
0,0
0,0
0,0
0,0
0,0
0,0
0,0
1,0
0,0
0,0
0,0
0,0
0,0
1,0
1,0
1,0
0,0
1,0
0,0
0,0
0,0
1,0
0,0
0,0
0,0
0,0
0,0
0,0
0,0
1,0
0,0
0,0
0,0
0,1
0,0
1,0
0,0
0,0
1,0
0,0
1,0
0,0
0,0
1,0
0,0
0,0
1,0
1,0
0,0
0,0
0,0
1,0
0,0
0,0
0,0
0,1
0,0
0,0
0,0
0,0
1,0
0,0
0,0
0,0
1,0
0,0
0,0
0,0
0,0
0,0
1,0
0,0
0,0
0,0
0,0
0,0
0,0
1,0
0,0
0,0
0,0
0,0
0,0
0,0
0,0
0,0
0,0
1,0
0,0
1,0
0,0
1,0
0,0
0,0
0,0
0,0
0,0
0,0
1,0
0,0
0,0
1,0
1,0
0,0
1,0
0,0
0,1
0,0
0,0
0,0
0,0
0,0
0,0
0,0
0,0
0,0
0,0
0,0
0,0
0,0
1,0
0,0
0,0
0,0
0,0
0,0
0,0
0,0
0,0
0,0
0,0
0,0
1,0
0,0
0,0
1,0
0,0
0,0
0,0
0,0
0,0
0,0
1,0
0,0
0,0
1,0
1,0
0,1
0,0
1,0
0,0
0,0
0,0
0,0
0,0
0,0
0,0
0,0
1,0
0,0
0,0
0,0
1,0
0,0
0,0
0,0
0,0
0,0
0,0
0,0
1,0
0,0
0,0
0,1
0,0
1,0
0,0
0,0
0,0
0,0
1,0
0,0
0,0
0,0
0,1
1,0
0,0
0,0
0,0
0,0
0,0
1,0
0,0
0,0
0,0
0,0
0,0
1,0
0,0
0,0
0,0
0,0
0,0
0,0
0,0
0,0
0,0
0,0
0,0
0,0
0,0
1,0
0,0
0,0
1,0
0,1
0,0
1,0
1,0
0,0
0,0
1,0
0,0
0,0
1,0
1,0
0,1
0,0
0,1
0,0
0,0
0,0
1,0
0,0
0,0
0,0
0,0
1,0
1,0
0,0
0,0
0,0
0,0
0,0
1,0
1,0
0,0
0,0
0,0
0,0
0,0
0,0
0,0
0,0
0,0
1,0
1,0
0,0
0,0
0,0
1,0
1,0
0,0
0,0
0,0
0,0
1,0
0,0
0,0
0,0
0,0
0,0
0,0
0,0
0,0
1,0
1,0
1,0
0,0
0,0
0,0
1,0
0,1
0,0
0,0
0,0
0,0
1,0
1,0
0,1
0,0
0,0
0,0
0,0
0,0
1,0
0,0
0,0
0,0
0,0
0,0
0,0
0,0
0,0
0,0
1,0
1,0
0,0
1,0
0,0
0,0
0,0
0,0
0,0
0,0
0,0
0,0
0,0
0,0
0,0
0,1
0,0
1,0
0,0
0,0
1,0
0,0
0,0
0,0
0,0
1,0
0,0
0,0
0,0
0,0
0,0
0,0
1,0
0,0
1,0
0,0
0,0
0,0
1,0
0,0
0,0
0,0
0,0
0,0
0,0
1,0
0,0
0,0
0,0
0,0
0,0
1,0
1,0
0,0
0,0
0,0
0,0
0,0
0,0
1,0
0,0
0,0
0,0
0,0
0,0
0,0
0,0
0,0
0,0
0,0
0,0
0,0
0,0
0,0
0,0
0,0
1,0
0,0
0,0
0,1
0,0
0,0
0,0
1,0
1,0
0,0
0,0
0,0
0,0
1,0
1,0
0,0
0,0
0,0
0,1
1,0
0,0
1,0
0,0
1,0
0,0
1,0
1,0
0,0
1,0
1,0
0,0
0,0
0,0
1,0
0,0
0,0
0,0
0,1
1,0
1,0
0,0
0,0
0,0
0,0
0,0
0,0
0,0
0,0
0,0
0,0
1,0
0,0
0,0
0,0
1,0
0,0
0,0
0,0
0,0
0,0
0,1
0,0
1,0
0,0
0,0
0,0
0,0
0,0
0,0
1,0
1,0
0,0
0,0
0,0
0,0
1,0
1,0
0,0
0,0
1,0
0,0
1,0
0,0
1,0
0,0
1,0
1,0
1,0
1,0
0,0
1,0
1,0
1,0
0,0
0,0
0,0
0,0
1,0
1,0
0,0
0,0
0,0
0,0
0,0
0,0
0,0
1,0
0,0
0,0
1,0
1,0
1,0
0,0
0,0
0,0
1,0
0,0
1,0
1,0
1,0
0,0
0,0
0,0
0,0
0,0
1,0
0,0
1,0
0,0
0,0
0,0
0,0
0,0
0,0
0,0
0,0
0,0
0,0
1,0
1,0
0,0
0,0
1,0
0,0
0,0
1,0
0,0
1,0
0,0
1,0
0,0
0,0
0,0
0,0
1,0
0,0
0,0
0,0
0,0
0,0
1,0
0,0
0,0
0,0
0,0
1,0
0,0
0,0
0,0
0,0
0,0
1,0
0,0
0,0
1,0
0,0
0,0
1,0
1,0
0,0
0,0
0,0
0,0
0,0
1,0
0,0
1,0
0,0
0,0
0,0
0,0
1,0
0,0
0,0
1,0
0,0
0,0
0,0
0,0
0,0
0,0
0,0
0,0
0,0
0,0
0,0
0,0
0,0
1,0
0,0
0,0
0,0
1,0
1,0
1,0
1,0
0,0
0,0
1,0
0,0
0,0
1,0
0,0
0,0
0,0
0,0
0,0
0,0
1,0
0,0
0,0
0,0
0,0
0,0
0,0
0,0
0,0
0,0
1,0
0,0
0,0
0,0
1,0
0,0
0,0
1,0
0,0
0,0
1,0
0,0
0,0
1,0
0,0
0,0
1,0
1,0
1,0
0,0
1,0
0,0
0,0
1,0
0,0
1,0
1,1
0,0
0,0
0,0
0,0
0,0
0,0
0,0
1,0
1,0
0,0
0,0
0,0
1,0
0,1
0,0
0,0
0,0
0,0
0,0
1,0
0,0
0,0
0,0
0,0
0,0
0,0
0,0
0,0
1,0
0,0
0,1
0,0
0,1
0,0
1,0
0,0
0,0
0,0
0,0
0,0
1,0
1,0
0,0
0,0
0,0
0,0
0,0
1,0
0,0
1,0
0,0
0,0
0,0
1,0
0,0
0,0
0,0
0,0
0,0
0,0
0,0
0,0
1,0
0,0
1,0
1,0
0,0
0,0
0,0
0,0
0,0
0,0
0,0
0,1
0,0
0,0
0,0
0,0
0,0
0,0
0,0
0,0
0,1
1,0
0,0
0,0
1,0
0,0
0,0
0,0
0,0
0,0
1,0
0,0
0,0
1,0
0,0
1,0
0,0
0,0
0,1
1,0
0,0
0,0
0,0
0,0
0,0
0,0
1,0
0,0
1,0
0,0
0,0
0,0
0,0
1,0
1,0
1,0
0,0
0,0
1,0
1,0
0,0
0,0
0,0
0,0
0,0
0,0
0,0
0,0
0,0
0,0
0,0
0,0
0,0
0,0
0,0
0,0
0,0
0,0
1,0
0,0
0,0
0,0
0,0
0,0
0,0
1,0
0,0
0,0
0,0
0,0
0,0
1,0
0,0
0,0
0,0
0,0
1,0
0,0
1,0
0,0
1,0
0,0
1,0
0,0
0,0
0,0
0,0
0,0
0,0
0,0
0,0
0,0
1,0
0,0
0,0
0,0
0,0
0,0
0,0
0,0
0,0
0,0
1,0
0,0
0,0
0,0
1,0
0,0
0,0
0,0
0,0
0,0
0,0
0,0
0,0
0,0
1,0
0,0
1,0
0,0
1,0
0,0
1,0
0,0
0,1
0,0
0,0
0,0
0,0
1,0
0,0
1,0
0,0
0,0
0,0
0,0
0,0
0,0
1,0
0,0
0,0
0,0
0,0
0,0
1,0
0,0
0,0
0,0
0,0
0,0
0,0
0,0
0,0
0,0
0,0
0,0
0,0
0,0
0,0
0,0
0,0
0,0
0,0
0,0
0,0
0,0
0,0
0,0
1,0
1,0
0,0
0,0
0,0
0,0
0,0
0,0
0,0
0,0
0,0
0,0
0,0
0,0
0,0
0,0
0,0
0,0
0,0
0,0
0,1
0,0
0,0
0,0
0,0
1,0
0,0
0,0
0,0
0,0
1,0
0,0
0,0
0,0
1,0
0,0
0,0
0,0
0,0
0,1
1,0
0,0
1,0
1,0
0,0
1,0
0,0
0,0
0,0
0,0
0,0
0,0
0,0
1,0
0,1
0,0
1,0
0,0
0,0
0,0
0,0
0,0
0,0
0,0
0,0
0,0
1,0
0,0
1,0
0,0
0,0
1,0
0,0
0,0
0,0
1,0
0,0
0,0
0,0
0,0
0,0
0,0
0,0
0,0
1,1
0,0
0,0
0,0
0,0
0,0
0,0
1,0
0,0
1,0
0,0
0,0
1,0
0,0
0,0
0,0
0,1
0,0
0,0
1,0
0,0
0,0
1,0
0,0
0,0
0,0
0,0
0,0
0,0
0,1
0,0
0,0
1,0
1,0
0,0
0,0
0,0
0,0
0,0
0,0
0,0
0,0
0,0
0,0
0,0
1,0
0,0
0,0
0,0
0,0
0,0
1,0
0,0
0,0
0,0
0,0
0,0
0,0
1,0
1,0
0,0
1,0
0,0
1,0
0,0
0,0
0,0
0,0
0,0
1,0
1,0
0,0
0,0
0,0
0,0
0,0
0,0
0,0
0,0
0,0
0,1
0,0
0,0
0,0
1,0
0,0
0,0
0,0
0,0
1,0
1,0
0,0
1,0
1,0
1,0
0,0
0,0
1,0
0,0
0,0
0,0
1,0
0,0
0,0
1,0
0,0
0,0
0,0
1,0
1,0
0,0
0,0
0,0
0,0
0,0
1,0
1,0
0,0
0,0
1,0
0,0
0,0
1,0
1,0
0,0
0,0
0,0
0,0
0,0
0,0
1,0
0,0
0,0
0,0
1,0
0,0
0,0
1,0
0,0
0,0
0,0
0,0
0,0
0,0
0,0
0,0
0,0
0,0
0,0
0,0
0,0
0,0
0,0
0,0
0,0
0,0
0,0
1,0
0,0
0,0
1,0
0,0
0,0
0,0
1,0
1,0
1,0
0,0
0,0
0,0
0,0
0,0
1,0
0,0
1,0
0,0
0,0
0,0
0,0
0,0
0,0
0,0
0,0
0,0
0,0
1,0
0,0
0,0
0,0
0,0
0,0
1,0
0,0
0,0
0,0
0,0
1,0
0,0
1,0
0,0
1,0
0,0
1,0
0,0
0,0
1,0
0,0
0,0
0,0
0,0
1,0
1,0
0,0
0,0
0,0
0,0
0,0
0,0
0,0
1,0
0,0
0,0
1,0
0,0
0,0
1,0
0,0
0,0
1,0
0,0
0,0
0,0
0,0
0,0
0,0
0,0
0,0
1,0
0,0
1,0
1,0
0,0
0,0
0,0
1,0
0,0
0,0
0,0
0,0
0,0
0,0
0,0
0,0
1,0
1,0
0,0
0,0
0,0
0,0
0,0
0,0
0,0
0,0
0,1
0,0
1,0
0,0
0,0
0,0
0,0
0,0
0,0
1,0
1,0
0,0
0,0
0,0
0,0
1,0
0,0
0,0
0,0
0,0
0,0
0,0
0,0
0,0
1,0
0,0
0,0
1,0
0,0
0,0
0,0
0,0
0,0
0,0
0,0
0,0
0,0
1,0
0,0
0,0
0,0
0,0
1,0
0,0
1,0
0,0
0,0
0,0
0,0
0,0
0,0
1,0
0,0
0,0
0,0
0,0
1,0
0,0
0,1
0,0
1,0
0,0
0,0
0,0
0,0
0,0
0,0
1,0
0,0
0,0
1,0
1,0
0,0
0,0
1,0
0,0
0,0
1,0
1,0
0,0
0,0
0,0
0,0
0,0
0,0
1,0
1,0
0,0
1,0
0,0
0,0
0,0
0,0
0,0
0,0
0,0
0,0
0,0
0,0
0,0
0,0
1,0
0,0
0,0
0,0
0,0
1,0
1,0
0,0
0,0
0,0
0,0
0,0
0,0
0,0
0,0
0,0
0,0
1,0
0,0
0,0
0,0
0,0
0,0
0,0
0,0
1,0
0,0
0,0
0,0
0,0
0,0
0,0
0,0
0,0
0,0
0,0
0,0
1,0
0,0
0,0
0,0
0,0
1,0
1,0
0,0
0,0
0,0
0,0
0,0
0,0
0,0
0,0
0,0
0,0
0,0
0,0
0,0
0,0
0,0
0,0
0,0
1,0
0,0
0,0
0,0
0,0
0,0
0,0
0,0
0,0
0,0
1,0
1,0
0,0
0,0
0,0
0,0
0,0
0,0
0,0
0,0
1,0
0,0
0,0
0,0
0,0
0,0
0,0
0,0
0,0
0,0
0,0
0,0
0,0
0,0
1,0
0,0
0,0
0,0
1,0
0,0
0,0
0,0
0,0
0,0
0,0
0,0
0,0
0,0
0,0
0,0
0,0
1,0
1,0
0,0
0,0
0,0
0,0
0,0
0,0
0,0
0,0
0,0
0,0
1,0
0,0
0,0
1,0
0,0
0,0
0,0
0,0
1,0
0,0
0,0
0,0
0,0
1,0
0,0
0,0
0,0
0,0
0,0
1,0
0,0
0,0
0,0
1,0
0,0
0,0
0,0
0,0
0,0
0,0
0,0
0,0
1,0
0,0
0,0
0,0
0,0
0,0
0,0
0,0
0,0
0,0
0,0
1,0
0,0
1,0
1,0
0,0
0,0
1,0
0,0
1,0
0,0
0,0
0,0
0,0
0,0
0,0
0,0
0,0
0,0
0,0
0,0
0,0
0,0
0,0
1,0
1,0
0,0
0,0
0,0
0,0
0,1
0,0
0,0
0,0
1,0
0,0
0,0
0,0
1,0
0,0
0,0
1,0
0,0
0,0
0,0
1,0
0,0
0,0
0,0
0,0
1,0
0,0
0,0
0,0
0,0
0,0
0,0
0,0
0,0
0,0
0,0
1,0
1,0
1,0
1,0
0,0
0,0
0,0
0,0
1,0
0,0
0,0
0,0
0,0
0,0
0,0
0,0
0,0
0,0
0,0
1,0
0,0
0,0
0,0
0,0
0,0
0,0
0,0
0,0
0,0
0,0
0,0
1,0
0,0
0,0
0,0
0,0
1,0
0,0
0,0
0,0
0,0
0,0
0,0
0,0
1,0
1,0
0,0
0,0
1,0
0,0
0,0
0,0
1,0
0,0
0,0
0,1
1,0
1,0
1,0
0,0
0,0
1,0
1,0
0,0
0,0
1,0
0,0
0,0
0,0
0,0
0,0
0,0
1,0
0,0
1,0
0,0
0,0
0,0
0,0
1,0
1,0
0,0
0,0
0,0
0,0
0,0
1,0
0,0
0,0
1,0
0,0
0,0
0,0
0,0
1,0
1,0
1,0
0,0
0,0
0,0
0,0
0,0
1,0
1,0
0,0
0,0
0,1
0,0
0,0
0,0
0,0
0,0
0,0
1,0
0,0
0,0
0,0
1,0
0,0
0,0
0,0
1,0
0,0
0,0
0,0
1,0
0,0
0,0
0,0
0,0
0,0
0,0
0,0
1,0
0,0
0,0
0,0
1,0
0,0
1,0
0,0
1,0
0,0
1,0
0,0
1,0
0,0
0,0
0,0
0,0
0,0
0,0
0,0
0,0
0,0
0,0
0,0
0,0
0,0
0,0
0,0
0,0
1,0
1,0
0,0
1,0
0,0
0,0
1,0
0,0
0,0
1,0
0,0
0,0
0,0
1,0
0,0
0,0
0,0
0,0
0,0
1,0
1,0
1,0
1,0
0,0
0,0
0,0
0,0
0,0
1,0
0,0
0,0
1,0
0,0
0,0
0,0
0,0
0,0
0,0
0,0
0,0
0,0
0,0
1,0
0,0
0,0
0,1
0,0
0,0
0,0
0,0
1,0
0,0
0,0
0,0
0,0
0,0
0,0
0,0
0,0
0,0
1,0
0,0
1,0
0,0
0,0
0,0
0,0
0,0
0,0
1,0
0,0
0,0
0,0
0,0
1,0
0,0
1,0
0,0
0,0
0,0
0,0
0,0
0,0
1,0
0,0
0,0
1,0
0,0
1,0
0,0
0,0
1,0
0,1
0,0
1,0
0,0
0,0
0,0
0,0
1,0
0,0
0,0
0,0
0,0
0,0
1,0
0,0
1,0
0,0
0,0
0,0
0,0
1,0
0,0
0,0
0,0
0,0
0,0
1,0
0,0
0,0
0,0
1,1
0,0
0,0
0,0
0,0
0,0
0,0
0,0
1,0
0,0
0,1
0,0
0,0
1,0
0,0
0,0
0,0
0,0
0,1
0,0
1,0
0,0
1,0
0,1
0,0
0,0
0,0
1,0
0,0
0,0
1,0
1,0
1,0
0,0
0,0
1,0
0,0
0,1
0,0
0,0
0,1
0,0
1,0
0,0
0,0
0,0
0,0
0,0
0,0
0,0
1,0
1,0
0,0
0,0
0,0
0,0
0,0
0,0
0,0
0,0
0,0
1,0
0,0
0,0
0,0
0,0
0,0
0,0
0,0
0,0
0,0
0,0
0,0
0,0
0,0
0,0
0,0
0,0
0,0
1,0
1,0
0,0
0,0
0,0
0,0
0,0
0,0
0,0
0,0
0,0
1,0
0,0
0,0
0,0
0,0
1,0
1,0
0,0
0,0
0,0
0,0
0,0
0,0
1,0
0,0
0,0
0,0
1,0
0,0
1,0
0,0
0,0
1,0
0,0
0,0
0,0
1,0
0,0
0,0
0,0
1,0
1,0
0,0
0,0
0,0
0,0
0,0
0,0
1,0
0,0
0,0
0,0
0,0
0,0
0,0
0,0
0,0
1,0
0,1
0,0
0,0
0,0
0,0
0,0
1,0
1,0
0,0
0,0
0,0
1,0
1,0
0,0
1,0
0,0
1,0
0,0
1,0
1,0
0,0
0,0
1,0
0,0
0,0
0,0
0,0
1,0
0,0
1,0
0,0
0,0
0,0
0,0
0,0
0,0
1,0
1,0
0,0
0,0
1,0
0,0
0,0
0,0
0,0
0,0
0,1
0,0
1,1
0,0
0,0
0,0
0,0
0,1
1,0
0,0
0,0
0,1
0,0
0,0
1,0
0,0
0,0
0,0
0,0
0,0
0,0
0,0
0,0
0,0
1,0
0,0
0,0
0,0
0,0
0,0
0,0
0,0
0,0
0,0
0,0
0,0
1,1
0,0
0,0
0,0
0,0
1,0
0,0
0,0
0,0
0,0
0,0
1,0
0,0
0,0
0,0
0,0
0,0
0,0
0,0
0,0
1,1
0,0
1,0
0,0
0,0
0,0
0,0
0,0
1,0
1,0
1,0
0,0
0,0
0,0
0,0
0,0
0,0
1,0
0,0
0,0
1,0
0,0
0,0
0,0
0,0
0,0
0,0
1,0
0,0
1,0
0,0
0,0
1,0
0,0
0,0
1,0
0,0
0,0
0,0
1,0
0,0
1,0
0,0
1,0
0,1
0,0
1,0
1,0
1,0
0,0
0,0
1,0
0,0
0,0
0,0
0,0
0,0
0,0
1,0
0,0
0,0
0,0
0,0
0,0
0,0
0,0
0,0
1,0
0,0
0,0
1,0
0,0
0,0
0,0
1,0
0,0
0,0
1,0
1,0
0,0
0,0
1,0
1,0
0,0
0,0
0,0
0,0
0,0
1,0
1,0
0,0
0,0
0,0
0,0
1,0
0,0
0,0
0,0
1,0
0,0
0,0
0,0
0,0
0,0
0,0
0,0
0,0
1,0
1,0
1,0
0,0
0,0
0,0
0,0
0,0
1,0
0,0
0,0
0,0
0,0
0,0
0,0
0,0
0,0
0,0
0,1
0,0
0,0
0,0
0,0
0,0
0,0
0,0
1,0
0,0
1,0
1,0
0,0
0,0
0,0
0,0
1,0
0,0
0,0
1,0
1,0
1,0
1,0
0,0
0,0
0,0
0,0
0,0
0,0
0,0
1,0
0,0
0,0
1,0
1,0
0,0
1,0
0,0
0,0
0,0
0,0
1,0
1,0
0,0
0,0
0,0
0,0
0,0
0,0
1,0
0,0
1,0
0,0
1,0
0,0
0,0
1,0
1,0
0,1
0,0
0,0
0,0
0,0
0,0
0,0
1,0
1,0
0,0
1,0
1,0
0,0
0,0
0,0
0,0
1,0
0,0
0,0
0,0
0,0
0,0
0,0
0,0
0,0
0,0
0,0
0,0
1,0
0,0
0,0
0,0
0,0
1,0
0,0
0,0
0,0
0,0
0,0
1,0
0,0
0,0
1,0
1,0
0,0
1,0
0,0
1,0
0,0
1,0
0,0
0,0
0,0
0,0
0,0
0,0
0,0
0,0
0,0
0,0
0,0
1,0
0,0
1,0
0,0
0,0
0,0
0,0
1,0
1,0
0,0
1,0
0,0
1,0
0,0
0,0
0,0
0,0
0,0
0,0
0,0
0,0
0,0
0,0
0,0
1,0
0,0
0,0
0,0
0,0
1,0
0,0
1,0
1,0
0,0
0,0
0,0
0,0
0,0
0,0
0,0
0,0
0,0
0,1
1,0
0,0
0,0
0,0
0,0
0,0
1,0
0,0
0,0
0,0
1,0
1,0
0,0
0,0
0,0
0,0
0,0
1,0
0,0
0,0
0,0
0,0
1,0
0,0
1,0
0,0
0,0
1,0
0,0
0,0
0,0
0,0
0,0
0,0
0,0
1,0
0,0
0,0
0,0
0,0
0,0
0,0
0,0
1,0
1,0
0,0
0,0
0,0
0,0
0,0
0,0
1,0
1,0
0,0
0,0
0,0
0,0
0,0
0,0
0,0
1,0
0,0
0,0
0,0
0,0
0,0
0,0
0,0
0,0
1,0
1,0
1,0
0,0
1,0
0,0
0,0
0,0
0,0
0,0
0,0
0,0
0,0
0,0
0,0
0,0
0,0
0,0
0,0
0,0
0,0
0,0
0,0
0,0
0,0
0,0
0,0
0,0
0,0
0,0
0,0
0,0
0,0
0,0
1,0
0,0
0,0
0,0
1,0
0,0
0,0
0,0
1,0
0,0
0,0
0,0
1,0
1,0
0,0
1,0
1,0
0,0
0,0
1,0
0,0
0,0
0,0
1,0
1,0
0,0
0,0
0,0
1,0
0,0
0,0
1,0
0,0
0,0
0,0
0,0
0,1
0,0
0,1
0,0
0,0
0,0
0,0
0,0
0,0
0,0
1,0
1,0
0,0
0,0
0,0
0,0
0,0
0,0
0,0
0,0
0,0
0,0
1,0
1,0
0,0
0,0
1,0
0,0
0,0
0,0
0,0
1,0
0,0
0,0
0,0
0,0
0,0
0,0
1,0
0,0
0,0
1,0
0,0
0,0
0,0
0,0
0,0
0,0
0,0
0,0
0,0
0,0
0,0
1,0
0,0
0,0
0,0
0,0
1,0
0,0
1,0
0,0
1,0
1,0
0,0
0,0
0,1
0,0
0,0
0,0
0,0
0,0
1,0
0,0
0,0
0,0
0,1
0,0
0,0
1,0
0,0
0,0
0,0
0,0
0,0
1,0
0,0
1,0
0,0
0,0
1,0
0,0
0,0
0,0
0,0
0,0
0,0
0,0
0,0
0,0
0,0
0,0
0,0
1,0
0,0
0,0
0,0
0,0
0,0
1,0
0,0
0,0
1,0
1,0
1,0
0,0
0,0
0,0
0,0
0,0
0,0
0,0
0,0
1,0
0,0
0,0
0,0
0,0
0,0
0,0
0,0
0,0
0,0
1,0
0,0
0,0
0,0
0,0
0,0
0,0
0,0
0,0
0,0
0,0
0,0
0,0
0,0
0,0
1,0
0,0
1,0
0,0
0,0
0,0
0,0
0,0
1,0
0,0
0,0
0,0
0,0
0,0
1,0
0,0
0,0
0,0
0,0
0,0
1,0
1,0
0,0
0,0
0,0
0,0
1,0
0,0
0,0
0,0
0,0
0,0
0,0
0,0
0,0
1,0
1,0
0,0
0,0
0,0
0,0
0,0
1,0
0,0
0,0
0,0
0,0
1,0
1,0
0,0
1,0
0,0
0,0
0,0
0,0
0,0
1,0
0,0
0,0
0,0
0,0
0,0
0,0
0,0
0,0
1,0
0,0
0,0
1,0
0,0
0,0
0,0
0,0
1,0
0,0
0,0
0,0
0,0
0,0
0,0
0,0
0,0
1,0
0,0
0,0
0,1
0,0
1,0
0,0
0,0
0,1
0,0
0,0
0,0
0,1
1,0
0,0
0,0
0,0
0,0
0,0
0,0
1,0
0,0
0,0
0,0
0,0
0,0
0,0
0,0
0,0
0,0
0,0
0,0
1,0
1,0
1,0
1,0
1,0
0,0
0,0
0,0
1,0
1,0
1,0
0,0
0,0
1,0
0,0
0,0
0,0
1,0
0,0
1,0
0,0
0,0
0,0
1,0
0,0
0,0
0,0
0,0
0,0
0,1
0,0
0,0
0,0
0,0
0,0
0,0
1,0
0,0
1,0
0,0
0,0
0,0
0,0
0,0
0,0
0,0
0,0
0,1
0,0
0,0
0,0
0,0
0,0
1,0
0,0
0,0
0,0
0,0
0,0
0,0
1,0
0,0
0,0
0,0
0,0
0,0
0,1
0,0
0,0
0,0
0,0
0,0
0,0
0,0
0,0
0,0
0,0
0,0
0,0
0,0
0,0
0,0
0,0
0,0
0,0
0,0
0,0
1,0
1,0
0,0
0,0
0,0
0,0
0,0
0,1
0,0
0,0
0,1
0,0
0,0
0,0
0,0
0,0
0,0
0,0
1,0
0,0
1,0
0,0
0,0
0,0
1,0
0,0
1,0
0,0
1,0
0,0
0,0
0,0
1,0
1,0
1,0
0,0
0,0
0,0
0,0
0,0
1,0
1,0
0,0
0,0
0,0
0,0
0,0
1,0
0,0
0,0
0,0
0,0
0,0
0,0
0,0
1,0
0,0
1,0
0,0
0,0
0,0
0,0
1,1
0,0
0,0
0,0
0,0
0,0
1,0
0,0
0,0
0,0
0,0
0,0
0,0
0,0
0,0
1,0
0,0
0,0
0,0
0,0
0,0
1,0
0,0
0,0
0,0
0,0
1,0
1,0
1,0
0,0
1,0
0,0
1,0
0,0
0,0
0,0
0,0
0,0
0,0
1,0
0,0
0,0
1,0
1,0
1,0
0,0
0,0
0,0
0,0
0,0
0,0
0,0
1,0
0,1
0,0
0,0
0,0
0,0
0,0
0,0
0,0
0,0
0,0
0,0
0,0
0,0
0,0
0,0
0,0
0,0
0,0
1,0
0,0
1,0
0,0
1,0
0,0
1,0
0,0
0,0
1,0
0,0
0,0
0,0
0,0
0,0
0,0
0,0
0,0
0,0
0,0
0,0
0,0
0,0
0,0
0,0
1,0
0,0
1,0
0,0
0,0
0,0
0,0
0,0
0,0
0,0
0,0
0,0
0,0
0,0
1,0
0,0
0,0
0,0
0,0
0,0
0,0
1,0
0,0
1,0
1,0
0,0
0,0
0,0
1,0
0,0
0,0
1,0
0,0
1,0
0,0
0,0
0,0
0,0
1,0
1,0
0,0
0,0
0,0
0,0
0,0
0,0
0,0
0,0
0,0
0,0
1,0
0,0
0,0
0,0
0,0
0,0
0,0
0,0
0,0
0,1
0,0
0,0
0,0
0,0
0,0
0,0
0,0
0,0
0,0
0,0
0,0
0,0
1,0
0,0
0,0
0,0
1,0
0,0
1,0
0,0
0,0
0,0
0,0
0,0
0,0
0,0
0,0
0,0
0,0
0,0
0,0
1,0
0,0
0,0
0,0
1,0
0,0
0,0
0,0
0,0
0,0
1,0
0,0
0,0
0,0
1,0
1,0
0,0
0,0
1,0
0,0
0,1
0,0
0,0
0,0
1,0
0,0
0,0
0,0
0,0
0,0
0,0
0,0
0,0
0,0
0,0
0,0
0,0
0,0
0,0
0,0
0,0
0,0
0,0
0,0
0,1
1,0
0,0
0,0
0,0
0,0
1,0
0,0
0,0
0,0
0,0
0,0
0,0
0,0
0,0
0,0
0,0
1,0
0,0
1,0
1,0
0,0
0,0
1,0
0,0
0,0
0,0
0,0
0,0
0,0
1,0
0,0
0,0
1,0
0,0
1,0
0,0
0,0
0,0
0,0
1,0
0,0
0,0
1,0
0,0
0,0
0,0
0,0
0,0
0,0
0,0
0,0
0,0
0,0
1,0
0,0
0,0
0,0
0,0
0,0
0,0
0,0
1,0
0,0
0,0
0,0
0,0
0,0
0,0
0,0
1,0
0,0
0,0
0,0
0,0
0,0
0,0
0,0
0,0
0,0
0,0
1,0
0,0
0,0
1,0
0,0
0,0
1,0
0,0
1,0
0,0
0,0
0,0
0,0
0,0
0,0
0,0
0,0
0,0
0,0
1,0
0,0
0,0
1,0
0,0
0,0
0,0
0,0
0,0
1,0
1,0
0,0
0,0
1,0
0,0
0,0
0,0
1,0
0,0
1,0
0,0
1,0
0,0
0,0
1,0
0,0
0,0
0,0
0,0
0,0
1,0
1,0
0,0
1,0
1,0
1,0
0,0
0,0
0,0
0,0
0,0
0,0
0,0
0,0
1,0
0,0
0,0
0,0
1,0
1,0
1,0
0,0
0,0
0,0
0,0
1,0
0,0
0,0
0,0
0,0
0,0
0,0
1,0
0,0
0,0
0,0
0,0
0,0
0,0
0,0
0,0
0,0
1,0
1,0
1,0
1,0
0,0
0,0
0,0
0,0
0,0
0,0
1,0
0,0
0,0
0,0
0,0
0,0
0,0
0,0
0,0
0,0
0,0
0,0
0,0
0,0
1,0
0,0
0,0
0,0
0,0
0,0
0,0
0,0
0,0
1,0
1,0
0,0
0,0
0,0
0,0
0,0
0,0
0,0
0,0
1,0
0,0
1,0
0,0
0,0
0,0
0,0
1,0
0,0
0,0
0,0
0,0
0,0
0,1
0,0
1,0
1,0
0,0
0,0
1,0
0,0
0,0
0,0
0,0
0,0
1,0
1,0
0,0
0,0
0,0
0,0
0,0
0,0
0,0
0,0
0,0
0,0
0,0
0,0
0,0
0,0
0,0
0,0
0,0
0,0
0,0
0,0
0,0
0,1
0,0
0,0
0,0
0,0
0,0
0,0
0,0
0,0
0,0
1,0
0,0
0,0
1,0
0,0
0,0
0,0
1,0
0,0
1,0
1,0
1,0
0,0
0,0
1,0
0,0
0,0
0,0
0,0
0,0
0,0
1,0
0,0
0,0
0,0
0,0
0,0
0,0
1,0
0,0
0,0
1,0
0,0
1,0
0,0
0,0
1,0
0,0
0,1
0,0
1,0
0,0
0,0
0,0
1,0
1,0
1,0
0,0
1,0
0,0
0,0
1,0
0,0
1,0
0,0
0,0
0,0
0,0
0,0
0,0
1,0
1,0
0,0
0,0
0,0
0,0
1,0
0,0
0,0
0,0
0,0
0,0
0,0
0,0
0,0
1,0
0,0
0,0
1,0
0,0
0,0
0,0
0,0
1,0
1,0
0,0
0,0
1,0
0,0
0,0
0,0
0,0
0,0
0,0
1,0
0,0
0,0
0,0
0,0
0,0
0,0
0,0
1,0
1,0
0,0
0,0
1,0
0,0
0,0
1,0
0,0
0,0
0,0
0,0
1,0
0,0
1,0
0,0
0,0
0,0
0,0
0,0
0,0
0,0
0,0
0,0
0,0
0,0
0,0
0,0
0,0
0,0
1,0
0,0
0,0
0,0
0,0
0,0
0,0
0,0
1,0
1,0
1,0
1,0
0,0
0,0
0,0
1,0
0,0
0,0
0,0
1,0
0,0
0,0
1,0
0,0
0,0
0,0
1,0
0,0
0,0
0,0
0,0
0,0
0,0
0,0
0,0
1,0
1,0
0,0
0,0
0,0
1,0
0,0
1,0
0,0
0,0
0,0
0,0
0,0
1,0
0,0
0,0
0,0
1,0
1,0
0,0
0,0
1,0
0,0
0,0
0,0
0,0
0,0
1,0
0,0
0,0
0,0
1,0
0,0
0,0
0,0
0,0
0,0
0,0
1,0
0,0
0,0
1,0
0,0
0,0
0,0
0,0
0,0
0,0
0,0
0,0
0,0
1,0
0,0
1,0
0,0
0,0
0,0
0,0
0,0
0,0
0,0
0,0
0,0
0,0
0,0
0,0
0,0
0,0
0,0
0,0
0,0
0,0
0,0
0,0
1,0
0,0
0,0
1,0
0,0
0,0
0,0
0,0
0,0
1,0
0,0
0,0
0,0
0,0
1,0
0,0
1,0
0,0
0,0
1,1
0,0
0,0
0,0
0,0
0,0
1,0
0,0
0,0
0,0
1,0
0,0
1,0
0,0
0,0
0,0
0,0
0,0
0,0
0,0
0,0
0,0
0,0
0,0
1,0
1,0
0,0
1,0
1,0
0,0
0,0
0,0
0,1
1,0
1,0
0,0
0,0
0,0
0,0
0,0
0,0
0,0
1,0
1,1
0,0
0,0
0,0
0,0
0,0
0,0
0,0
0,0
1,0
1,0
1,0
0,0
0,0
0,0
0,0
1,0
0,0
0,0
0,0
0,0
1,0
0,0
0,0
1,0
0,0
0,0
0,0
0,0
0,0
0,0
0,0
0,0
0,1
0,0
1,0
0,0
0,0
0,0
0,0
0,0
0,0
0,0
0,0
0,0
0,0
0,0
0,1
1,0
1,0
0,0
0,0
0,0
0,0
0,0
1,0
0,0
0,0
0,0
0,0
0,0
0,0
0,0
0,0
0,0
0,0
0,0
0,0
1,0
0,0
0,0
0,0
0,0
0,0
0,0
0,0
1,0
1,0
0,0
0,0
0,0
0,0
0,0
0,0
0,0
0,0
0,0
0,0
0,0
0,1
0,0
1,0
0,0
0,0
0,0
0,0
1,0
0,0
0,0
1,0
0,0
0,0
0,0
0,0
0,0
1,0
0,0
0,0
0,0
1,0
0,0
0,0
0,0
0,0
0,0
0,0
0,0
1,0
0,0
1,0
0,0
0,0
0,0
0,0
0,0
0,0
0,0
0,0
0,0
1,0
0,0
1,0
0,0
1,0
0,0
0,1
0,0
0,0
0,0
1,0
1,0
0,0
0,0
1,0
0,0
0,0
0,0
1,0
0,0
1,1
0,0
0,0
0,0
0,0
0,0
0,0
1,0
0,0
0,0
0,0
1,0
0,0
1,0
0,0
1,0
0,0
0,0
1,0
0,0
0,0
0,0
0,0
1,0
0,0
0,0
1,0
0,0
0,0
1,0
0,0
1,0
1,0
0,0
0,0
0,1
0,0
0,0
0,0
1,0
0,1
0,0
1,0
0,0
0,0
0,0
0,0
0,0
0,0
1,0
0,0
0,0
0,0
0,0
0,0
0,0
0,0
1,0
0,0
0,0
0,0
0,0
0,0
0,0
0,0
1,0
0,0
0,0
0,0
1,0
0,0
0,0
0,0
0,0
0,0
0,0
0,0
0,0
0,0
1,0
0,0
0,0
1,0
0,0
0,0
0,0
0,0
0,0
0,0
0,0
0,0
0,0
0,0
1,0
0,0
0,0
0,0
0,0
0,0
0,0
0,0
0,0
0,0
0,0
0,0
1,0
0,0
0,0
0,0
0,0
1,0
1,0
1,0
0,0
0,0
1,0
0,0
0,0
0,0
0,0
1,0
0,0
0,0
1,0
1,0
1,0
0,0
0,0
0,0
0,0
1,0
0,0
0,0
0,0
0,0
0,0
0,0
0,0
0,0
0,0
0,0
0,0
0,0
0,0
0,0
0,0
0,0
0,0
0,0
0,0
0,0
0,0
0,0
0,0
0,0
0,0
0,0
0,0
0,0
0,0
0,0
1,0
0,0
0,0
0,0
0,0
0,0
0,0
1,0
1,0
1,0
0,0
0,0
0,1
0,0
0,0
0,0
0,0
0,0
0,0
0,0
0,0
0,0
0,0
0,0
0,0
0,0
0,0
0,0
0,0
0,0
0,0
0,0
0,0
1,0
0,0
0,0
0,0
0,0
0,0
0,0
0,0
0,0
0,0
0,0
0,0
1,0
0,0
0,0
0,0
0,0
0,0
0,0
0,0
0,0
0,0
1,0
0,0
0,0
0,0
0,0
1,0
1,0
1,0
0,0
0,0
0,0
0,0
1,0
1,0
0,0
1,0
0,0
0,0
0,0
1,0
0,0
0,0
1,0
0,0
0,0
0,0
1,0
0,0
0,0
1,0
0,0
1,0
0,0
0,0
1,0
0,0
0,0
0,0
0,0
0,0
1,0
0,0
0,0
1,0
0,0
0,0
0,0
0,0
0,0
1,0
0,0
1,0
0,0
0,0
0,0
0,0
0,0
0,0
0,1
0,0
0,0
0,0
0,0
0,0
0,0
0,0
0,0
0,0
0,0
0,0
0,0
0,0
0,0
0,0
1,0
1,0
0,0
1,0
0,0
0,0
1,0
1,0
0,0
1,0
0,0
0,0
0,0
0,1
0,0
1,0
0,0
0,0
0,0
0,0
0,0
0,0
0,0
0,0
0,0
0,0
1,0
1,0
0,0
0,0
0,0
0,0
0,1
0,0
0,0
0,0
1,0
0,0
0,0
1,0
0,0
0,0
1,0
0,0
0,0
1,0
0,0
0,0
0,0
1,0
0,0
1,0
0,0
0,0
0,0
0,0
1,0
1,0
0,0
0,0
1,0
1,0
0,0
0,0
0,0
1,0
0,0
1,0
0,0
0,0
0,0
0,0
0,0
0,0
0,1
1,0
0,0
0,0
0,0
0,0
1,0
0,0
0,0
0,0
0,0
0,0
1,0
0,0
0,0
0,0
0,0
0,0
0,0
0,0
0,0
0,0
0,0
0,0
0,0
0,0
0,0
0,0
1,0
0,0
0,0
0,0
0,0
0,0
1,0
0,0
1,0
0,0
0,0
0,0
0,0
0,0
0,0
0,0
0,0
0,0
0,0
0,0
0,0
0,0
1,0
1,0
1,0
1,0
0,0
0,0
0,0
0,0
1,0
0,0
0,0
0,0
0,0
0,0
0,0
1,1
0,0
0,0
0,0
0,0
0,0
0,0
0,0
0,0
0,0
0,0
0,0
0,0
0,0
0,0
0,0
0,0
1,0
0,0
0,0
0,0
0,0
0,0
1,0
0,0
0,1
0,0
0,0
0,0
0,0
1,0
0,0
1,0
1,0
0,0
1,0
0,0
0,0
0,0
0,0
1,0
1,0
0,0
0,0
0,0
0,0
0,0
0,0
0,0
0,0
0,0
1,0
0,0
1,0
0,0
0,0
0,0
0,0
1,0
0,0
0,0
0,0
0,0
0,0
0,0
0,0
1,0
0,0
0,0
0,0
0,0
0,0
0,0
0,0
1,0
0,0
0,0
0,0
0,0
0,0
0,0
0,0
1,0
1,0
0,0
0,0
0,0
0,0
1,0
0,0
0,0
0,0
0,1
0,0
0,0
0,0
0,0
0,0
0,0
0,0
1,0
0,0
0,0
0,0
0,0
1,0
0,0
1,0
0,1
1,0
1,0
0,0
0,0
0,0
0,0
0,0
0,0
0,0
0,0
1,0
0,0
0,0
0,0
0,0
0,0
0,0
0,0
0,0
0,0
1,0
0,0
0,0
0,0
1,0
1,0
0,0
1,0
0,0
0,0
0,0
0,0
0,0
0,0
0,0
0,0
0,0
0,0
0,0
0,0
0,0
0,0
1,0
0,0
1,0
0,0
0,0
0,0
0,0
0,0
1,0
0,0
1,0
0,0
0,0
0,0
0,0
1,0
0,0
0,0
1,0
0,0
0,0
0,0
0,0
0,0
0,0
0,0
0,0
0,0
0,0
0,0
0,0
0,0
1,0
0,0
1,0
0,1
0,0
0,0
0,0
0,0
0,0
0,0
0,0
0,0
0,0
0,0
1,0
0,0
0,0
0,0
1,0
0,0
0,0
0,0
0,0
0,0
0,0
0,0
0,0
1,0
0,0
0,0
0,0
0,0
0,0
0,0
0,0
0,0
0,0
0,0
0,0
0,0
0,0
0,0
0,0
0,0
1,0
0,0
0,0
0,0
0,0
0,0
0,0
0,0
0,0
0,0
0,0
0,0
0,0
0,0
0,0
0,0
0,0
0,0
0,0
0,0
1,1
1,0
0,0
1,0
1,0
0,0
0,0
0,0
0,0
0,0
0,1
0,0
0,0
0,0
0,0
1,0
0,0
0,0
0,0
0,0
0,0
0,0
1,0
0,0
0,0
0,0
0,0
0,0
1,0
0,0
1,0
0,0
0,0
0,0
0,0
0,0
0,0
0,0
1,0
0,0
1,0
1,0
0,0
0,0
0,0
0,0
0,0
0,0
1,0
1,0
1,0
0,0
0,0
1,0
1,0
0,0
0,0
0,0
0,0
0,0
0,0
1,0
0,0
0,0
0,0
1,0
0,0
0,0
0,0
0,0
0,0
0,0
0,0
0,0
1,0
0,0
0,0
0,0
0,0
0,0
0,0
0,0
0,0
1,0
0,0
0,0
0,0
0,0
0,0
1,0
0,0
0,0
0,0
1,0
0,0
1,0
0,0
0,0
0,0
1,0
0,0
0,0
0,0
0,0
1,0
1,0
0,0
1,0
1,0
0,0
0,0
1,0
0,0
0,0
0,0
0,0
0,0
0,0
1,0
0,0
1,0
0,0
0,0
0,0
0,0
0,0
0,0
1,0
0,0
0,0
0,0
0,0
0,0
0,0
1,0
0,0
0,0
1,0
0,0
0,0
0,0
1,0
0,0
0,0
0,0
0,0
0,0
0,0
0,0
0,0
0,0
0,0
0,0
0,0
0,0
0,0
0,0
0,0
0,0
0,0
0,0
0,0
0,0
0,0
0,0
0,0
1,0
0,0
0,0
0,0
1,0
0,0
0,0
0,1
0,0
0,0
0,0
0,0
0,0
1,0
0,0
0,0
0,0
0,0
1,0
0,0
1,0
1,0
1,0
0,0
0,0
1,0
1,0
1,0
0,0
0,0
0,0
0,0
0,0
0,0
1,0
1,0
0,0
0,0
1,0
0,0
1,0
0,0
0,0
0,0
0,0
0,0
0,0
0,0
1,0
0,0
0,0
0,0
0,0
0,0
0,0
0,0
0,0
0,0
0,0
0,0
0,0
0,0
0,0
0,0
1,0
1,0
0,0
0,0
1,0
0,0
0,0
0,0
0,0
0,0
0,0
0,0
0,0
0,0
0,0
0,0
0,0
1,0
1,0
0,0
0,0
0,0
0,0
1,0
0,0
0,0
0,0
1,0
1,1
0,0
1,0
1,0
0,0
1,0
0,0
0,0
0,0
0,0
0,0
0,0
0,0
0,0
0,0
0,0
0,0
0,0
0,0
1,0
0,0
0,0
1,0
0,0
0,0
0,0
1,0
0,0
0,0
0,0
0,0
0,0
0,0
1,0
0,0
1,0
0,1
0,0
0,0
0,0
0,0
0,0
0,0
1,0
0,0
0,0
0,0
0,0
0,0
0,0
1,0
1,0
1,0
0,0
0,0
0,0
0,0
1,0
1,0
1,0
0,0
0,0
0,0
0,0
0,0
0,1
0,0
0,0
1,0
0,0
0,0
1,0
0,0
0,0
0,0
1,0
0,0
0,0
0,0
1,0
0,0
0,0
0,0
0,1
0,0
0,0
0,0
0,0
1,0
1,0
0,0
0,0
0,0
0,0
1,0
0,0
0,0
0,0
0,0
0,0
1,0
0,0
0,0
1,0
0,0
0,0
0,0
0,0
0,0
1,0
0,0
0,0
0,0
0,0
1,0
0,0
0,0
0,0
0,0
1,0
0,0
0,0
0,0
0,0
0,0
0,0
1,0
0,0
0,0
0,0
0,0
0,0
0,0
0,0
0,1
0,0
0,0
1,0
1,0
0,0
1,0
0,0
0,0
0,0
0,0
0,0
0,0
1,0
0,0
0,0
0,0
0,0
0,0
1,0
0,0
0,0
1,0
0,0
0,0
0,0
0,0
0,0
0,0
0,0
0,0
0,0
0,0
0,0
0,0
0,0
0,0
1,0
0,0
0,0
0,0
0,0
0,0
1,0
0,0
0,0
0,0
0,0
0,0
0,0
0,0
0,0
0,0
1,0
0,0
0,0
0,0
0,0
0,0
0,0
0,0
1,0
0,0
0,0
1,0
0,0
0,0
0,0
1,0
0,0
1,0
0,0
1,0
0,0
0,1
1,0
0,0
0,0
1,0
1,0
0,0
1,0
0,0
0,0
0,0
0,0
1,0
0,0
0,0
0,0
0,0
0,0
1,0
1,0
0,0
0,0
0,0
0,0
1,0
0,0
0,0
0,0
0,0
0,0
0,0
0,0
0,0
0,0
0,0
1,0
0,0
0,0
1,0
0,0
0,0
0,0
0,0
0,0
0,0
1,0
0,0
0,0
0,0
1,0
0,0
0,0
0,0
1,0
0,0
0,0
0,0
0,0
0,0
0,0
0,0
0,0
1,0
0,0
1,0
0,0
1,0
0,0
0,0
0,0
0,0
0,0
1,0
0,0
1,0
0,0
0,0
0,0
1,0
0,0
0,0
0,0
0,0
1,0
0,0
0,0
0,0
0,0
1,0
0,0
0,0
0,0
0,0
0,0
0,0
1,0
0,0
0,0
1,0
0,0
0,0
0,0
0,0
0,0
1,0
0,0
1,0
0,0
1,0
1,0
0,0
0,0
1,0
0,0
0,0
0,0
1,0
0,0
0,0
0,0
0,0
0,0
0,0
0,0
0,0
0,0
0,0
1,0
0,0
0,0
0,0
0,0
0,0
0,0
0,0
0,0
0,0
0,0
0,0
0,0
0,0
0,0
0,0
0,0
0,0
0,0
0,0
0,0
0,0
0,0
0,0
0,0
0,0
0,0
0,0
0,0
0,0
0,0
0,0
1,0
0,0
1,0
0,0
0,0
0,0
0,0
0,1
0,0
0,0
0,0
0,0
0,0
0,0
0,0
0,0
0,0
1,0
0,0
0,0
0,0
1,0
0,0
0,0
0,1
1,0
0,0
1,0
1,0
0,0
0,0
0,0
0,0
0,0
1,0
0,0
0,0
0,0
0,0
0,0
0,0
0,0
0,0
0,0
0,0
0,0
0,0
0,0
0,0
0,0
0,0
0,0
0,0
0,0
0,0
0,0
0,1
0,0
0,0
0,0
0,0
0,0
0,0
1,0
0,0
1,0
0,0
0,0
0,0
0,0
1,0
0,0
0,0
1,0
0,0
0,0
0,0
0,0
0,0
0,0
0,0
0,0
0,0
1,0
1,0
0,0
0,0
1,0
0,0
0,0
0,0
0,0
0,1
1,0
1,0
1,0
0,0
0,0
1,0
0,0
1,0
0,0
0,0
1,0
0,0
0,0
0,0
0,0
0,1
0,0
0,0
0,0
1,0
0,0
0,0
0,0
0,0
0,0
0,0
0,0
0,0
0,0
0,0
0,0
0,0
0,0
0,0
1,0
0,0
0,0
0,0
0,0
1,0
0,0
0,0
0,0
0,0
0,0
0,0
0,0
0,0
0,0
1,0
0,0
0,0
0,0
0,0
0,0
0,0
0,0
0,0
0,0
0,0
0,0
1,0
0,0
0,0
0,0
0,0
0,0
0,0
0,0
0,0
0,0
0,0
0,0
1,0
0,0
0,0
0,0
0,0
0,0
1,0
0,0
0,0
1,0
0,0
1,0
0,0
1,0
0,0
0,0
0,0
1,0
1,0
0,0
0,0
1,0
0,0
0,0
0,0
1,0
0,0
0,0
0,0
0,0
0,0
0,0
0,0
0,0
0,0
0,0
0,0
0,0
0,0
0,0
0,0
0,0
1,0
1,0
0,0
0,0
0,0
1,1
1,0
0,0
0,0
0,0
0,0
0,0
1,0
0,0
0,0
1,0
0,0
0,0
0,0
0,0
0,0
0,0
0,0
0,0
0,0
1,0
0,0
0,0
0,0
1,0
0,0
0,1
0,0
0,0
0,0
1,0
0,0
0,0
1,0
1,0
0,0
0,0
0,0
0,0
0,0
0,0
0,0
0,0
0,0
1,0
1,0
0,0
0,0
0,0
0,0
0,0
0,0
0,0
1,0
0,1
0,0
0,0
0,0
0,0
0,0
0,0
0,0
0,0
1,0
0,0
0,0
0,0
0,0
1,0
0,0
0,0
0,0
0,0
0,1
1,0
0,0
0,0
0,0
0,0
0,0
0,0
1,0
0,0
0,0
0,0
0,0
0,0
0,0
1,0
0,0
0,0
0,0
0,0
0,0
0,0
0,0
0,0
1,0
0,0
0,0
1,0
0,0
0,0
0,0
0,0
0,0
1,0
0,0
1,0
0,1
0,0
1,0
0,0
0,0
0,0
0,0
0,0
0,1
0,0
0,0
1,0
0,0
0,0
0,0
0,0
0,0
0,0
0,0
0,0
1,0
0,0
0,1
0,0
1,0
0,0
1,0
1,0
0,0
0,0
0,0
0,0
0,0
1,0
1,0
0,0
0,0
0,0
0,0
1,0
0,0
1,0
1,0
0,0
0,0
1,0
0,0
0,0
0,0
0,0
1,0
0,0
0,1
0,0
0,0
0,0
0,0
0,0
1,0
0,0
0,0
0,0
0,0
1,0
0,0
0,0
0,0
0,0
0,0
0,0
0,0
0,0
0,0
0,0
0,0
0,0
0,0
0,0
0,0
0,0
0,0
0,0
0,0
1,0
1,0
0,0
0,1
0,0
0,0
0,0
0,0
1,0
0,0
0,0
1,0
0,0
0,0
1,0
0,0
0,0
1,0
1,0
1,0
0,0
0,0
0,0
0,0
0,0
1,0
0,0
1,0
0,0
0,0
0,0
0,0
0,0
0,0
0,0
0,0
0,0
1,0
0,0
0,0
0,0
0,0
0,0
0,0
0,0
0,0
0,0
1,0
0,0
0,0
0,0
0,0
1,0
0,0
0,0
0,0
0,0
0,0
0,0
0,0
0,0
1,0
0,0
0,0
1,0
1,0
0,0
0,0
0,0
1,1
0,0
0,0
0,0
0,0
0,0
0,0
0,0
0,0
0,0
0,0
0,0
0,0
0,0
0,0
1,0
0,0
0,0
0,0
0,0
0,0
0,0
0,0
0,0
0,0
0,0
0,0
0,0
1,0
0,0
0,0
0,0
1,0
0,0
0,0
0,0
0,0
0,0
0,0
0,0
0,0
0,0
0,0
0,0
0,0
0,0
0,0
1,0
0,0
0,0
0,0
1,0
0,0
0,0
0,0
0,0
0,0
0,0
1,0
1,0
0,0
0,0
0,0
0,0
0,0
0,0
0,0
0,0
0,0
1,0
0,0
1,0
0,0
0,0
0,0
0,0
0,1
0,0
0,0
0,0
0,0
1,0
0,0
0,0
0,0
0,0
0,0
0,0
0,0
0,0
0,0
0,0
0,0
0,1
0,0
0,0
0,0
0,0
0,0
0,0
1,0
0,0
1,0
1,0
0,0
0,0
0,0
0,0
0,0
0,0
0,0
0,0
0,0
0,0
1,0
1,0
1,0
0,0
0,0
0,0
0,0
0,0
1,0
0,0
0,0
0,0
0,0
0,0
0,0
0,0
1,0
0,0
0,0
0,0
1,0
1,0
0,0
0,0
0,0
0,0
0,0
0,1
0,0
1,0
0,0
0,0
0,0
0,0
0,0
0,0
0,0
1,0
0,0
0,0
0,0
0,0
0,0
0,0
1,0
0,0
0,0
0,0
0,0
0,0
0,0
0,0
0,0
0,0
0,0
0,0
1,0
0,0
0,0
0,0
1,0
0,0
0,0
0,0
0,0
0,0
0,0
0,0
0,0
0,0
0,0
0,0
0,0
0,0
1,0
0,0
0,0
0,0
0,0
0,0
0,0
0,0
0,0
0,0
0,0
1,0
0,1
1,0
0,0
0,0
0,0
1,0
0,0
0,0
0,0
0,0
0,0
0,0
1,0
0,0
0,0
0,0
0,1
0,1
0,0
1,0
0,0
1,0
1,0
0,0
0,0
1,0
0,0
1,0
0,0
0,1
0,0
1,0
0,0
0,0
0,0
0,0
0,0
0,0
0,0
0,0
1,0
0,0
0,0
0,0
0,0
0,0
0,0
0,0
1,0
0,0
0,0
0,0
0,0
1,0
0,0
1,0
0,0
0,0
0,0
0,0
0,0
0,0
0,0
0,0
0,0
1,0
0,0
0,0
0,0
0,0
0,0
0,0
1,0
0,0
1,0
0,0
1,0
0,0
1,0
0,0
0,0
0,0
0,0
0,0
0,0
1,0
1,0
0,0
0,0
0,0
0,0
0,0
0,0
0,0
0,0
0,0
0,0
0,0
0,0
0,0
0,0
0,0
0,0
0,0
0,0
0,0
0,0
0,0
0,0
0,0
0,0
0,0
0,0
0,0
0,0
0,0
1,0
1,0
1,0
0,0
0,0
0,0
0,0
0,0
0,0
1,0
0,0
0,0
0,0
0,0
0,0
0,0
0,0
0,0
0,0
1,0
1,0
0,0
0,0
0,0
0,0
0,0
1,1
1,0
1,0
0,0
0,0
1,0
0,0
0,0
0,0
0,0
1,0
0,0
1,1
1,0
1,0
0,0
0,0
0,0
0,0
0,0
0,0
0,0
0,0
1,0
0,0
0,0
0,0
0,0
0,0
0,0
0,0
0,0
0,0
0,0
0,0
0,0
0,0
0,0
0,0
0,0
0,0
0,0
0,0
0,0
1,0
0,0
0,0
0,0
0,0
0,0
1,0
0,1
0,0
0,0
0,0
0,0
1,0
0,0
0,0
0,0
1,0
1,0
1,0
0,0
0,0
0,0
0,0
1,0
0,0
0,0
0,0
0,0
0,0
0,0
0,0
0,0
0,0
0,0
0,0
0,0
0,0
0,0
0,0
0,0
0,0
0,0
0,0
0,0
0,0
1,0
0,0
0,0
0,0
1,0
0,0
1,0
0,0
1,0
0,0
0,0
0,0
0,0
1,0
1,0
0,0
1,0
0,0
0,0
0,1
0,0
0,0
1,0
0,1
0,0
0,0
1,0
1,0
0,0
1,0
0,0
0,0
1,0
1,0
0,0
0,0
0,0
0,0
0,0
0,0
0,0
0,0
0,0
0,1
0,0
1,0
0,0
0,0
0,0
0,0
0,0
0,0
0,0
0,0
0,0
1,0
0,0
1,0
0,0
1,0
1,0
1,0
0,0
0,0
0,0
1,0
0,0
0,0
1,0
0,0
0,0
0,0
0,0
1,0
0,0
0,0
0,0
1,0
0,0
0,0
0,0
0,0
0,0
0,0
0,0
0,0
0,0
0,0
0,0
0,0
0,0
0,0
0,0
0,0
0,0
0,0
0,0
0,0
0,1
0,0
0,0
0,0
0,0
1,0
1,0
0,0
1,0
0,0
0,0
0,1
0,1
0,0
1,0
1,0
1,0
0,0
0,0
0,0
0,0
0,0
0,0
0,0
0,0
0,0
0,1
0,0
0,0
0,0
0,0
1,0
0,0
0,0
0,0
0,0
0,0
0,0
0,0
0,0
1,0
0,0
1,0
0,0
1,0
0,0
1,0
1,0
0,0
0,0
1,0
0,0
0,0
0,0
0,0
0,0
0,0
0,0
0,0
0,0
0,0
1,0
0,0
0,0
0,0
0,0
0,0
0,0
0,0
0,0
0,0
0,0
0,0
0,0
1,0
0,0
0,0
0,0
0,0
1,0
0,0
0,0
0,0
0,0
0,0
0,0
0,0
1,0
0,0
0,0
0,0
0,0
0,0
0,0
0,0
0,0
0,0
0,0
0,0
0,0
0,0
0,0
0,0
0,0
0,0
0,0
1,0
0,0
0,0
0,0
0,0
0,0
0,0
0,0
0,0
0,0
0,0
0,0
0,0
0,0
0,0
0,0
1,0
0,0
0,0
0,1
0,0
0,0
0,0
1,0
0,0
1,0
0,0
1,0
1,0
1,0
0,0
1,0
0,0
0,0
0,0
0,0
0,0
0,0
0,0
0,0
0,0
0,0
1,0
0,0
0,0
0,0
0,0
0,0
0,0
0,0
0,0
0,0
0,0
0,0
0,0
0,1
0,0
0,0
1,0
0,0
0,0
0,0
0,0
0,0
0,1
0,0
0,0
0,0
0,0
0,0
1,0
0,0
1,0
0,0
0,0
0,0
0,0
0,0
0,0
0,0
0,0
0,0
0,0
0,0
1,0
0,0
0,0
1,0
1,0
0,0
0,0
0,1
0,0
0,0
1,0
0,0
0,0
0,0
0,0
0,0
1,0
0,1
0,0
0,0
0,0
0,0
0,0
1,0
1,0
1,0
0,0
0,0
0,0
0,1
0,0
0,0
1,0
0,0
0,0
0,0
0,0
0,0
0,0
0,0
1,0
1,0
0,0
1,0
0,0
1,0
0,0
0,0
1,0
0,0
1,0
1,0
0,0
0,0
0,0
1,0
0,0
0,0
0,0
1,0
0,0
0,0
0,0
0,0
1,0
0,1
0,0
0,0
0,0
0,0
0,0
0,0
0,0
0,0
0,0
0,0
0,0
0,0
0,0
0,0
1,0
0,0
0,0
0,0
0,0
1,0
0,0
0,0
0,0
0,0
0,0
0,0
0,0
0,0
0,0
1,0
0,0
0,0
0,0
1,0
0,0
0,0
0,0
1,0
0,0
0,0
0,0
0,0
0,0
0,0
0,0
0,0
0,0
0,0
0,0
0,0
0,0
0,0
0,0
0,0
0,0
0,0
1,0
0,0
0,0
1,0
0,0
0,0
0,0
0,0
0,0
1,0
1,0
1,0
1,0
0,0
0,0
0,0
0,0
0,0
0,0
0,0
0,0
0,0
0,0
0,0
1,0
0,0
0,0
0,0
1,0
0,0
0,0
0,0
0,0
0,0
0,0
0,0
0,0
0,0
0,0
0,0
0,0
0,0
0,0
0,0
0,0
0,0
0,0
0,0
0,0
0,0
0,0
0,0
1,0
0,0
0,0
0,0
1,0
0,0
0,0
0,0
1,0
0,0
0,0
0,0
0,0
0,0
1,0
1,0
1,0
0,0
0,0
0,0
0,0
1,0
0,0
0,0
0,0
1,0
1,0
0,0
0,0
0,0
1,0
1,0
1,0
0,0
0,0
0,0
0,0
0,0
0,0
0,0
1,0
0,0
0,0
0,0
0,0
0,0
0,0
0,0
0,0
1,0
0,0
1,0
0,0
0,0
0,0
0,0
0,0
1,0
0,0
0,0
0,0
0,0
1,0
1,0
0,0
0,0
0,0
0,0
0,0
0,0
0,0
0,0
0,0
0,0
1,0
0,0
0,0
0,0
0,0
0,0
1,0
0,0
0,0
0,0
0,0
1,0
1,0
0,0
0,0
0,0
0,0
0,0
1,0
0,0
0,0
0,0
0,0
0,0
0,0
0,0
0,0
0,0
0,0
0,0
0,0
0,0
0,0
1,0
0,0
0,0
0,0
0,0
0,0
1,0
0,0
0,0
0,0
0,0
0,0
0,0
1,0
1,0
0,0
0,0
0,0
1,0
0,0
0,0
0,0
1,0
1,0
0,0
0,0
0,0
0,0
0,0
0,0
0,0
0,0
0,0
0,0
0,0
0,0
0,0
0,0
1,0
0,0
1,0
0,0
0,0
0,0
0,0
0,0
0,0
0,0
0,0
0,0
1,0
0,0
0,0
0,0
0,0
0,0
0,0
0,1
0,0
0,0
0,0
0,0
0,0
1,0
0,0
0,0
0,0
0,0
0,0
1,0
1,0
0,0
1,0
0,0
1,0
0,0
1,0
0,0
1,0
0,0
0,0
0,0
0,0
0,0
0,0
0,0
0,0
0,0
0,0
0,0
0,0
0,0
0,0
1,0
0,0
0,0
0,0
1,0
0,0
0,0
0,0
0,0
0,0
1,0
0,0
0,0
1,0
0,0
0,0
0,0
1,0
0,0
0,0
0,0
0,0
0,0
0,0
0,0
0,0
0,0
0,0
0,0
1,0
1,0
0,0
1,0
0,0
0,0
1,0
1,0
0,0
0,0
1,0
0,0
0,0
0,0
1,0
0,0
0,0
0,0
1,0
1,0
1,0
0,0
0,0
0,0
0,0
1,0
0,0
0,0
0,0
0,0
1,0
0,0
0,0
0,0
0,0
0,0
0,0
1,0
1,0
0,0
1,0
1,0
0,0
0,0
1,0
0,0
0,1
0,0
0,0
0,0
1,0
0,0
0,0
0,0
0,0
1,0
0,0
1,0
0,0
0,0
0,0
0,0
0,0
1,0
0,0
0,0
0,0
0,0
0,0
0,0
0,0
0,0
0,0
0,0
0,0
0,0
1,0
0,0
0,0
0,0
0,0
0,0
0,0
0,0
0,0
0,0
1,0
0,0
0,0
0,0
0,0
1,0
1,0
1,0
0,0
0,0
0,0
0,0
0,0
0,0
0,0
1,0
0,0
0,0
0,0
0,0
1,1
0,0
0,0
1,0
0,0
0,0
0,0
0,0
0,0
0,0
0,0
0,0
0,0
0,0
1,0
0,0
0,0
1,0
0,0
0,0
0,0
0,0
1,0
0,0
1,0
0,0
0,0
1,0
1,0
0,0
0,0
0,0
0,0
0,0
0,0
0,0
1,0
0,0
0,0
0,0
0,0
0,0
0,0
0,0
0,0
0,0
0,0
0,0
1,0
0,0
0,0
0,0
0,0
0,0
0,0
0,0
0,1
0,0
0,0
0,0
0,0
0,0
0,0
0,0
1,0
0,0
0,0
0,0
0,0
0,0
1,0
0,0
1,0
0,0
0,0
0,0
0,0
0,0
0,0
0,0
0,0
0,0
0,0
0,0
0,0
1,0
0,0
0,0
0,0
0,0
0,0
0,0
0,0
1,0
0,0
0,0
0,0
0,0
1,0
0,0
1,0
1,0
0,0
0,0
1,0
1,0
1,0
0,0
1,0
0,0
0,0
1,0
0,0
1,0
0,0
0,0
0,0
0,0
0,0
0,0
0,0
0,0
0,0
0,0
0,0
0,0
1,0
1,0
0,0
1,0
0,0
0,0
1,0
0,0
0,0
1,0
1,0
0,0
0,0
1,0
0,0
0,0
0,0
1,0
1,0
0,0
0,0
0,0
0,0
0,0
0,0
0,0
1,0
0,0
0,0
0,0
0,0
0,0
1,0
0,0
0,0
1,0
0,0
0,1
0,0
1,0
0,0
0,0
0,0
1,0
0,0
1,0
0,0
0,0
0,0
0,0
0,0
0,0
0,1
0,0
0,0
0,0
0,0
0,1
0,0
0,0
0,0
0,0
0,0
0,0
0,0
0,0
1,0
0,0
0,0
0,0
0,0
0,0
0,0
0,0
0,0
0,0
0,0
0,0
0,0
0,0
0,0
1,0
0,0
1,0
0,0
0,0
0,0
0,0
1,1
0,0
0,0
0,0
0,0
0,0
0,0
0,0
0,0
0,0
1,0
0,0
0,0
1,0
0,0
0,1
0,0
0,0
1,0
0,0
0,0
0,0
0,0
0,0
0,0
0,0
0,0
0,0
0,0
0,0
0,0
1,0
1,0
0,0
1,0
0,0
1,0
0,0
1,0
1,0
0,0
0,0
0,0
0,0
0,0
0,0
0,0
0,0
0,0
1,0
0,0
0,0
0,1
0,0
0,0
0,0
0,0
0,0
0,0
0,0
0,0
0,0
0,0
1,0
0,0
1,0
1,0
0,0
0,0
0,0
0,0
0,0
0,0
0,0
0,0
0,0
0,0
0,0
0,0
1,0
0,0
0,0
0,0
0,0
0,0
1,0
1,1
0,0
1,0
0,0
0,0
0,0
1,0
0,0
0,0
0,0
0,0
0,0
0,0
0,0
1,0
0,0
0,0
0,0
0,0
0,0
0,0
1,0
0,0
0,0
0,0
0,0
0,0
0,0
0,0
0,0
0,0
0,0
0,0
0,0
0,0
0,0
1,0
0,0
0,0
0,0
0,0
0,0
1,0
0,0
0,0
0,0
0,0
0,0
0,0
0,0
0,0
1,0
0,1
0,0
1,0
0,0
0,0
0,0
1,0
0,0
0,0
0,0
0,0
0,0
0,0
0,0
1,0
0,0
0,0
0,0
0,0
0,1
0,0
0,0
1,1
0,0
1,0
1,0
0,0
0,0
0,0
0,0
0,0
0,0
1,0
1,0
0,0
0,0
0,0
0,0
0,0
0,0
0,0
0,0
0,0
0,0
1,0
0,0
0,0
0,0
0,0
1,0
0,0
0,0
1,0
0,0
0,0
0,0
0,0
1,0
1,0
0,0
0,0
0,1
1,0
0,0
0,0
1,0
1,0
0,0
0,0
1,0
0,0
0,0
0,0
0,0
0,0
0,0
0,0
1,0
1,0
0,0
0,0
1,0
0,0
0,0
0,0
0,0
0,0
0,0
0,0
0,0
1,0
0,0
0,0
0,0
0,0
1,0
0,0
0,0
0,0
1,0
0,0
0,0
0,0
1,0
0,0
0,0
0,0
0,0
0,0
0,0
0,0
0,0
1,0
0,0
1,0
0,0
0,0
0,0
0,0
1,0
0,0
1,0
0,0
1,0
0,0
0,0
0,0
1,0
0,0
0,0
1,0
0,0
0,0
0,0
1,0
0,0
0,0
0,0
0,0
1,0
0,0
0,0
0,0
0,0
0,0
0,0
0,0
0,0
0,0
0,0
1,0
0,0
0,0
0,0
0,0
0,0
0,0
1,0
0,0
0,0
0,0
0,0
0,0
0,0
0,0
1,0
1,0
0,0
0,0
1,0
0,0
1,0
0,0
0,1
0,0
0,0
1,0
0,0
0,0
0,0
0,0
0,0
0,0
0,0
1,0
1,0
0,0
0,0
0,0
0,0
0,0
0,0
0,0
0,0
0,0
1,0
0,0
1,0
1,0
0,0
0,0
0,0
0,0
0,0
0,0
0,0
0,0
0,0
0,0
0,0
1,0
0,0
0,0
0,0
0,0
0,0
0,0
0,0
0,0
0,0
0,0
0,0
0,0
0,0
1,0
1,0
0,0
0,0
0,0
0,0
0,0
0,0
0,0
0,0
0,0
0,0
0,0
0,0
0,0
0,0
0,0
1,0
0,0
0,0
1,0
0,0
0,0
0,0
0,0
0,1
0,0
1,0
1,0
1,0
1,0
1,0
0,0
0,0
0,0
0,0
0,0
0,0
0,0
0,0
0,0
0,0
0,0
0,0
0,0
0,0
0,0
0,0
1,0
0,0
0,0
1,0
1,0
0,0
0,0
0,0
0,0
0,0
0,0
0,0
0,0
0,0
0,0
0,0
0,0
0,0
0,0
0,0
1,0
1,0
0,0
0,0
1,0
0,0
1,0
1,0
0,0
0,0
0,0
0,0
0,0
1,0
1,0
0,0
0,0
0,0
0,0
0,0
0,0
0,0
0,0
0,0
0,0
0,0
0,0
1,0
0,0
0,0
1,0
0,0
0,0
0,0
0,0
1,0
1,0
0,0
0,0
0,0
0,0
0,0
0,0
0,0
1,1
1,0
0,0
0,0
0,0
0,0
0,0
0,0
1,0
0,0
1,1
0,0
0,0
0,0
0,0
0,0
1,0
0,0
0,0
0,0
0,0
0,0
0,0
0,0
0,0
0,0
1,0
0,0
0,0
0,0
0,0
0,0
0,0
0,0
0,0
0,0
0,0
0,0
1,0
1,0
0,0
1,0
1,0
0,0
0,0
0,0
0,0
1,0
1,0
0,0
0,0
0,0
0,0
0,0
0,0
1,0
0,0
0,0
0,0
0,0
0,0
0,0
0,0
0,0
0,0
0,0
0,0
0,0
0,0
0,0
0,0
0,0
0,0
0,0
0,0
0,0
0,0
1,0
0,0
0,0
0,0
0,0
0,0
0,0
0,0
0,0
1,0
0,0
0,0
0,0
0,0
0,0
0,0
0,0
1,0
1,0
1,0
0,0
0,0
0,0
0,0
1,0
0,0
0,0
0,0
0,0
0,0
0,0
0,0
0,0
0,0
0,0
1,0
1,0
0,0
0,0
0,0
1,0
0,0
0,0
0,0
0,0
0,0
0,0
1,0
1,0
0,0
0,0
0,0
0,0
1,1
0,0
0,0
0,0
0,0
0,0
1,0
0,0
0,0
0,0
0,1
1,0
0,0
0,0
0,0
0,0
0,0
0,0
0,0
1,0
0,0
1,0
0,0
1,0
0,0
0,0
0,0
0,0
0,0
0,0
1,0
1,0
0,1
0,0
0,0
0,0
0,0
0,0
0,0
0,0
0,0
1,0
1,0
0,0
0,0
0,0
0,0
0,0
0,0
0,0
1,0
0,0
0,0
0,0
0,0
0,0
0,0
0,0
0,0
0,0
0,0
0,0
0,0
0,0
0,0
0,0
0,0
0,0
0,0
0,0
0,0
0,0
0,0
0,0
0,0
0,0
0,0
0,0
0,0
0,0
0,0
1,0
0,0
0,0
0,0
0,0
0,0
0,0
0,0
0,0
1,0
0,0
1,0
0,0
0,0
0,0
0,0
0,0
0,0
0,0
0,0
0,0
0,0
0,0
0,0
0,0
0,0
0,0
1,0
0,0
0,0
0,0
0,0
1,0
1,0
1,0
0,0
0,0
0,0
0,0
0,0
0,0
0,0
0,0
0,0
1,0
1,0
0,0
1,0
1,0
0,0
0,0
1,0
1,0
1,0
0,0
0,0
0,0
1,0
0,0
1,0
0,0
0,0
1,0
0,0
0,0
0,0
0,0
1,0
0,0
0,0
1,0
0,0
0,0
0,0
0,0
1,0
0,0
0,0
0,0
0,0
0,0
0,0
0,0
0,0
1,0
0,0
1,0
0,0
0,0
0,0
0,0
0,0
0,0
0,0
1,0
0,0
0,0
1,0
0,0
0,0
0,0
0,0
1,0
0,0
0,0
1,0
0,0
1,0
0,0
0,0
0,0
0,0
0,0
0,0
0,0
0,0
0,0
0,0
1,0
0,0
1,0
0,0
0,0
0,0
0,0
0,0
0,0
0,0
0,0
0,0
0,0
0,1
0,0
0,0
0,0
0,0
0,0
0,0
0,0
0,0
0,0
0,0
1,0
0,0
1,0
1,1
1,0
0,0
0,0
0,0
0,0
0,0
0,0
0,0
0,0
0,0
0,0
0,0
0,0
0,0
1,0
0,0
1,0
1,0
0,0
1,0
0,0
0,0
0,0
0,0
0,0
1,0
0,0
0,0
0,0
0,0
0,0
0,0
0,0
0,0
0,0
0,0
1,0
0,0
1,0
1,0
0,0
1,0
0,0
0,0
0,0
0,0
0,0
0,0
0,0
0,0
0,0
0,0
0,0
0,0
0,0
0,0
0,0
0,0
0,0
0,1
0,0
0,0
0,0
0,0
0,0
0,0
0,0
0,0
0,0
0,0
0,0
0,0
0,0
0,0
0,0
0,0
1,0
0,0
0,0
0,0
0,0
0,0
0,0
0,0
1,0
1,0
0,0
0,0
0,0
0,0
1,0
0,0
0,0
1,0
0,0
1,0
1,0
1,0
1,0
1,0
0,0
1,0
0,0
0,0
0,0
0,0
0,0
0,0
0,0
0,0
0,0
0,0
0,0
0,0
0,0
0,0
1,0
0,0
0,0
0,0
0,0
0,0
0,0
0,0
0,0
0,0
0,0
1,0
0,0
0,0
0,0
0,0
0,0
0,0
1,0
0,0
0,0
0,0
0,0
0,0
0,0
0,0
0,0
0,0
1,0
0,0
0,0
0,0
0,0
0,0
0,0
1,0
0,0
0,0
1,0
0,0
0,0
0,0
0,0
0,0
0,0
0,0
0,0
0,0
0,0
0,0
0,0
0,0
0,0
1,0
0,0
0,0
0,0
0,0
0,1
0,0
1,1
0,0
0,0
0,0
0,0
0,0
1,0
0,0
0,0
0,0
0,0
0,0
0,0
0,0
0,0
0,1
0,0
0,0
0,0
1,0
0,0
0,0
0,0
0,0
0,0
1,0
1,0
1,0
0,0
1,0
1,0
0,0
0,0
1,0
0,0
0,0
0,0
0,0
1,0
0,0
0,0
0,0
0,0
0,0
1,0
1,0
0,0
1,0
0,0
0,0
0,0
0,0
1,0
1,0
0,0
0,0
0,0
1,0
0,0
0,0
0,0
0,0
1,0
1,0
0,0
0,0
0,0
0,0
0,0
0,0
0,0
0,0
0,0
1,0
0,0
0,0
0,0
0,0
1,0
1,0
0,0
0,0
0,0
0,0
1,0
0,0
0,0
1,0
0,0
0,0
0,0
1,0
0,0
0,0
0,0
1,0
1,0
0,0
0,0
1,0
1,0
0,0
1,0
1,0
0,0
1,0
0,0
0,0
0,0
0,0
0,0
1,0
0,0
0,0
0,0
0,0
0,0
0,0
0,0
0,0
1,0
0,0
0,0
0,0
0,0
0,0
0,0
0,0
1,0
1,0
0,0
0,1
0,0
1,0
0,0
0,0
0,0
0,0
0,0
0,0
0,0
0,0
0,0
0,0
1,0
0,0
0,1
0,0
0,0
0,0
0,0
0,0
1,0
0,0
0,0
0,0
0,0
1,0
0,0
0,0
0,0
0,0
0,0
0,0
1,0
0,0
0,0
0,0
0,0
0,0
0,0
0,0
1,0
1,0
1,0
1,0
1,0
0,0
0,0
0,0
0,0
0,0
0,0
0,0
0,0
0,0
0,0
1,0
0,0
0,0
0,0
0,0
1,0
1,0
0,0
0,0
0,0
0,0
0,0
0,0
1,0
1,0
0,0
1,0
0,0
0,0
0,0
0,0
0,0
1,1
0,0
0,0
0,0
0,0
0,0
1,0
0,0
0,0
0,0
1,0
0,0
0,0
0,0
0,0
0,0
0,0
1,0
0,0
0,0
1,1
1,0
0,0
1,0
0,0
0,0
1,0
0,0
0,0
0,0
0,0
0,0
0,0
0,0
0,0
0,0
0,0
0,0
0,0
0,0
0,0
0,0
0,0
0,0
0,0
0,0
1,0
0,0
0,0
0,0
0,0
0,0
0,0
1,0
0,0
0,0
0,0
1,0
0,0
0,0
0,0
0,1
1,0
0,0
0,0
0,0
0,0
0,0
0,0
0,0
0,0
0,0
0,0
0,0
0,0
1,0
0,0
0,0
1,0
0,0
0,0
0,0
0,0
0,0
0,0
0,0
0,0
0,0
0,0
0,0
0,0
0,0
0,0
1,0
0,0
0,0
1,0
0,0
0,0
0,0
0,0
0,0
0,0
0,0
0,0
1,0
0,0
0,0
0,0
1,0
1,0
0,0
0,0
0,0
0,0
0,0
0,0
1,0
0,0
0,0
0,0
1,0
0,0
0,0
1,0
0,0
0,0
0,0
0,0
0,0
0,0
0,0
0,0
0,0
0,0
1,0
0,0
0,0
0,0
0,0
1,0
0,0
0,0
0,0
1,1
0,0
0,0
0,0
0,0
0,0
0,0
0,0
0,0
0,0
0,0
1,0
1,0
0,0
1,0
0,0
0,0
1,0
0,0
1,0
1,0
1,0
0,0
0,0
0,0
0,0
1,0
0,0
0,0
0,0
0,0
0,0
0,0
0,0
1,1
0,0
0,0
1,0
0,0
0,0
0,0
0,0
0,0
0,0
0,0
0,0
1,0
1,0
0,0
0,0
0,0
0,0
0,0
0,0
0,0
1,0
0,0
0,0
0,0
0,0
1,0
1,0
1,0
1,0
1,0
0,0
0,0
0,0
0,0
1,0
1,0
0,0
0,0
0,0
1,0
0,0
0,0
0,0
0,1
0,0
0,0
0,0
0,0
0,0
0,0
0,0
0,0
1,0
0,0
0,0
0,0
1,0
0,0
0,0
0,0
0,0
1,0
0,0
0,0
0,0
0,0
0,0
0,0
0,0
0,0
0,0
1,0
0,0
0,0
0,0
1,0
0,0
0,0
0,0
0,0
0,0
0,0
1,0
0,0
0,0
0,0
1,0
0,0
1,0
0,0
1,1
0,0
0,0
0,0
0,0
0,0
0,0
0,0
0,0
0,0
0,0
0,0
0,0
0,0
0,0
1,0
0,0
0,0
0,0
0,0
0,0
0,0
0,1
0,0
0,0
0,0
0,0
0,0
0,0
0,0
0,0
1,0
0,0
0,0
1,0
0,0
0,0
0,0
0,0
1,0
0,0
0,0
0,0
0,0
0,0
0,0
1,0
0,0
0,0
0,0
0,0
0,0
0,0
0,0
1,0
0,0
0,0
0,1
0,0
0,0
1,0
0,0
1,0
1,0
0,0
0,0
0,0
0,0
0,0
0,0
1,0
0,0
1,0
1,0
0,0
0,0
1,0
0,0
0,0
0,0
0,0
0,0
0,0
0,0
0,0
0,0
0,0
0,0
0,0
0,0
0,0
0,0
0,0
0,0
0,0
1,0
0,0
1,0
0,0
0,0
1,0
1,0
1,0
1,0
0,0
0,0
0,0
0,0
1,0
0,0
0,0
0,0
0,0
0,0
0,0
0,0
0,0
0,0
1,0
0,0
0,0
0,0
1,0
0,0
1,0
0,0
1,0
0,0
1,0
0,0
0,0
0,0
1,0
0,0
1,0
0,1
0,1
0,1
0,1
0,0
0,0
0,0
0,0
1,0
0,0
0,0
0,0
1,0
0,0
1,0
0,0
1,0
0,0
0,0
0,0
0,0
1,0
0,0
0,0
0,0
0,0
0,0
0,0
1,0
0,0
0,0
0,0
0,0
0,0
1,0
0,0
0,0
1,0
0,0
0,1
0,1
0,0
0,0
0,0
0,1
0,0
1,0
1,0
0,0
0,0
1,0
0,0
0,0
0,0
1,0
1,0
0,0
0,0
0,0
1,0
0,0
0,0
0,0
0,0
0,0
0,0
0,0
0,0
0,0
0,0
0,0
0,0
0,0
0,0
0,0
0,0
0,0
0,0
0,0
0,0
1,0
0,0
1,0
0,0
0,0
0,0
0,0
0,0
0,0
1,0
1,0
0,0
1,0
1,0
0,0
0,0
0,0
1,0
0,0
0,0
0,0
0,0
0,0
0,0
0,0
0,0
0,0
0,0
0,0
1,0
0,0
0,0
0,0
1,0
0,0
0,0
0,0
0,0
0,0
0,0
0,0
0,0
0,0
0,0
0,0
0,0
0,0
0,0
0,0
1,0
0,0
0,0
1,0
0,0
0,0
0,0
0,0
0,0
0,0
0,0
0,0
0,0
1,0
1,0
0,0
0,0
0,0
0,0
0,0
0,0
0,0
0,0
0,0
0,0
0,0
1,0
1,0
0,0
0,0
0,0
0,0
0,0
0,0
1,0
0,0
0,0
0,0
1,0
0,0
0,0
1,0
0,0
0,0
0,0
0,0
0,0
0,0
0,0
0,0
0,0
0,0
1,0
0,0
1,0
0,0
0,0
0,0
0,0
0,0
1,0
1,0
0,0
0,0
1,0
0,0
0,0
0,0
0,0
0,0
0,0
0,0
0,0
0,0
0,0
0,0
0,0
0,0
0,0
1,1
1,0
0,0
0,0
0,0
0,0
0,0
0,0
0,0
0,0
1,0
0,0
0,0
0,0
0,0
0,0
0,0
0,0
0,0
0,0
1,0
0,0
0,0
0,0
0,0
1,0
0,0
0,0
0,0
0,0
0,0
0,0
0,0
0,0
0,1
0,0
0,0
1,0
0,0
0,0
0,0
0,0
0,0
0,0
0,0
0,0
0,0
0,0
0,0
0,0
0,0
0,0
1,0
0,0
0,0
0,0
0,0
0,0
0,0
0,0
0,0
0,0
1,0
0,0
0,0
0,0
0,0
0,0
0,0
0,0
0,0
0,0
0,0
0,0
0,0
0,0
0,0
0,0
0,0
0,0
0,0
0,0
0,0
0,0
0,0
0,0
1,0
0,0
0,0
1,0
1,0
0,0
0,0
0,0
0,0
1,0
0,0
1,0
0,0
0,0
0,0
0,0
1,0
0,0
0,0
0,0
0,0
0,0
0,0
1,0
0,0
0,0
0,0
1,0
0,0
0,0
1,0
0,0
1,0
0,0
0,0
0,0
1,0
0,0
0,0
0,0
1,0
0,0
1,0
1,0
1,0
0,0
0,0
0,0
0,0
0,0
1,0
1,0
0,0
1,0
0,0
1,0
1,0
0,0
0,0
0,0
0,0
0,0
1,0
1,0
0,0
1,0
1,0
0,0
0,0
0,0
1,0
0,0
0,0
0,0
0,0
0,1
1,0
0,0
0,0
0,0
0,0
0,0
0,0
0,0
1,0
1,0
1,0
0,0
0,0
0,0
0,0
0,0
0,0
0,0
0,0
1,0
0,0
0,0
0,0
0,0
0,0
0,0
0,0
0,0
0,0
0,0
0,0
0,0
0,0
0,0
0,0
1,0
0,0
0,0
1,0
0,0
1,0
0,0
1,0
0,0
0,0
0,0
1,0
0,0
0,0
1,0
0,0
0,0
0,0
0,0
0,0
0,0
0,0
1,0
0,0
0,0
0,0
0,0
0,0
0,0
0,0
0,0
1,0
0,0
1,0
0,1
0,0
0,0
0,0
0,0
0,0
0,0
1,0
0,0
0,0
1,0
0,0
0,0
0,0
0,0
0,0
0,0
0,0
0,0
0,0
0,0
1,0
0,0
0,0
0,0
1,0
0,0
1,0
0,0
0,0
0,0
0,0
1,0
1,0
0,0
1,0
1,0
1,0
1,1
1,0
0,0
0,0
1,0
0,0
0,0
0,0
0,0
0,0
0,0
1,1
0,0
0,0
0,0
0,0
0,0
1,0
1,0
0,0
0,0
1,0
0,0
0,0
0,0
0,0
0,0
0,0
0,0
0,0
1,0
0,0
1,0
0,0
1,0
0,0
0,0
1,0
0,0
0,0
1,0
0,0
0,0
1,0
0,0
0,0
0,0
0,0
0,0
0,0
0,0
1,0
0,0
0,0
0,0
0,0
0,0
1,0
0,0
1,0
0,0
1,0
0,0
0,1
0,0
0,1
1,0
0,0
0,0
0,0
1,0
0,0
0,0
0,0
0,0
0,0
1,0
1,0
1,0
0,0
0,0
0,0
0,0
1,1
1,0
0,0
0,0
0,0
0,0
0,0
0,0
1,0
0,0
0,1
1,0
0,0
0,0
0,0
0,0
0,0
0,0
1,0
0,0
0,0
1,0
0,0
0,0
0,0
0,0
0,0
0,0
0,0
0,0
0,0
0,0
0,0
1,0
0,0
0,0
0,1
1,0
1,0
1,0
0,0
0,0
0,0
0,0
1,0
0,0
0,0
0,0
0,0
1,0
1,0
0,0
0,0
0,0
0,0
1,0
0,0
0,0
0,1
0,0
0,0
0,0
0,0
1,0
0,0
0,0
1,0
0,0
0,0
0,0
0,0
0,0
1,0
1,0
1,0
0,0
0,0
0,0
0,0
0,0
0,0
1,0
0,0
0,0
0,0
0,0
0,1
0,0
0,0
0,0
1,0
0,0
0,0
0,0
0,0
1,0
0,0
1,0
0,0
0,0
0,0
0,0
0,0
0,0
0,0
0,0
0,0
0,0
0,1
0,0
0,0
0,0
0,0
1,0
0,0
0,0
1,0
1,0
0,0
1,0
0,0
0,0
1,0
0,0
1,1
0,0
1,0
0,0
0,0
0,0
0,0
0,0
0,0
0,0
0,0
0,0
0,0
0,0
0,0
0,0
0,0
0,0
0,0
1,0
1,0
0,0
0,0
0,0
1,0
0,0
1,0
1,0
0,0
0,0
0,0
1,0
0,0
1,0
0,0
0,0
1,0
0,0
0,0
0,0
0,0
0,0
0,0
0,0
0,0
0,0
0,0
0,0
0,0
0,0
1,0
1,0
0,0
0,0
0,0
0,0
0,0
1,0
0,0
0,0
0,0
0,0
0,0
0,0
0,0
1,0
0,0
1,0
0,0
0,0
0,0
0,0
1,1
0,0
0,0
1,0
1,0
0,0
1,0
0,0
0,0
0,0
0,0
0,0
0,0
0,0
0,0
0,0
0,0
0,0
0,0
0,0
0,0
1,0
0,0
0,0
0,0
0,0
0,0
0,0
0,0
0,0
0,0
0,0
0,0
1,0
1,0
0,0
0,0
0,0
0,0
0,0
0,0
1,0
1,0
0,0
0,0
0,0
0,0
0,0
0,0
0,0
0,0
0,0
0,0
0,0
0,0
0,0
0,0
1,0
0,0
0,0
0,0
0,0
1,0
0,0
1,0
0,0
1,0
0,0
1,0
0,0
0,0
1,0
1,0
0,1
0,0
0,0
0,0
0,0
0,0
0,0
1,0
0,0
1,0
0,0
0,0
0,0
0,0
0,0
1,0
1,0
1,0
0,0
0,0
0,1
0,0
0,0
1,0
0,0
1,0
0,0
0,0
0,0
0,0
0,0
0,0
0,0
0,0
1,0
1,0
0,0
0,0
0,0
0,0
0,0
0,0
0,0
1,0
0,0
0,0
1,0
1,0
0,0
1,0
0,0
0,0
0,0
0,0
0,0
1,0
0,0
0,0
0,0
0,0
0,0
0,0
0,0
0,0
0,0
0,0
0,0
0,1
0,0
0,0
0,0
0,0
0,0
0,0
0,0
0,0
0,0
1,0
0,0
0,0
0,0
0,0
0,0
0,0
0,0
1,0
0,0
0,0
0,0
1,0
1,0
0,0
0,0
1,0
0,0
0,0
0,0
0,0
0,0
0,0
1,1
0,0
1,0
0,0
0,0
1,0
0,0
0,0
0,0
0,0
1,0
0,0
1,0
1,0
0,0
0,0
0,0
0,0
0,0
0,0
0,0
0,0
0,0
0,0
0,0
0,0
0,0
0,0
0,0
0,0
0,0
0,0
0,0
1,0
1,0
0,0
0,0
0,0
0,0
1,0
0,0
0,0
0,0
0,0
1,0
1,0
0,0
0,0
0,0
0,0
0,0
0,0
0,0
1,0
0,0
0,0
1,0
0,0
1,0
0,0
0,0
0,0
0,0
0,0
0,0
0,0
0,0
0,0
1,0
0,0
0,0
0,0
0,0
0,0
0,0
0,0
0,0
1,0
0,0
0,0
1,0
1,0
1,0
0,0
0,0
0,0
0,0
0,0
0,0
0,0
1,0
0,0
0,0
0,0
0,0
0,0
0,0
0,0
0,0
0,0
0,0
0,0
1,0
0,0
0,0
0,0
0,0
0,0
0,0
0,0
0,0
0,0
0,0
0,0
0,0
0,0
0,0
0,0
0,0
0,0
0,0
0,0
0,0
0,0
0,0
1,0
0,0
0,1
1,0
0,0
0,0
0,0
0,0
0,0
1,0
0,0
0,0
0,0
1,0
0,0
1,0
1,0
1,0
0,0
1,0
0,0
0,0
0,0
0,0
0,0
0,0
0,0
0,0
0,0
0,0
0,0
0,0
1,0
1,0
0,0
1,0
0,0
0,0
1,0
0,0
0,0
0,0
0,0
1,0
0,0
0,0
0,0
0,0
1,0
1,0
0,0
0,0
0,0
0,0
0,0
0,0
1,0
1,0
0,0
0,0
0,0
0,0
1,0
0,0
0,0
0,0
0,0
1,0
1,0
0,0
0,0
0,1
0,0
0,0
0,0
0,0
1,0
1,0
0,0
0,0
0,0
0,0
0,0
0,0
0,0
0,0
0,0
0,0
0,0
0,0
1,0
0,0
1,0
0,0
0,0
1,0
0,0
0,0
0,0
0,0
0,0
0,0
0,0
0,0
0,0
0,0
0,0
0,0
0,0
0,0
0,0
1,0
1,0
1,0
0,0
0,0
0,0
0,0
0,0
0,0
0,0
0,0
0,0
1,0
1,0
0,0
0,0
0,0
0,0
1,0
0,0
0,0
1,0
0,0
1,0
0,0
0,0
0,0
0,0
1,0
0,0
0,0
0,0
0,0
0,0
1,0
0,0
0,0
0,0
0,0
0,0
0,0
0,0
1,0
0,0
1,0
0,0
0,0
1,0
0,0
0,0
0,0
1,0
0,0
0,0
1,0
0,0
0,0
0,0
1,0
1,0
0,0
1,0
1,0
1,0
0,0
1,0
0,0
0,0
1,0
0,0
1,0
1,0
1,0
1,0
0,0
0,0
0,0
0,0
0,0
1,1
0,0
0,0
0,0
0,0
1,0
0,0
0,0
0,0
0,0
1,0
0,0
0,0
1,0
0,1
1,0
0,0
0,0
0,0
0,0
0,0
0,0
0,0
0,0
0,0
0,0
0,0
0,0
0,0
0,0
0,0
0,0
1,0
0,0
1,0
0,0
1,0
0,0
0,0
0,0
0,0
0,0
0,0
0,0
0,0
0,0
0,0
0,0
0,0
0,0
0,0
0,0
0,0
0,0
1,0
1,0
0,0
1,0
0,0
0,0
0,0
1,0
0,0
0,0
0,0
0,0
0,0
0,0
0,0
0,0
0,0
0,0
0,0
0,0
0,0
0,0
0,0
1,0
0,0
0,0
0,0
0,0
1,0
0,0
1,0
0,0
0,0
0,0
1,0
0,0
1,0
0,0
0,0
0,0
0,0
0,0
0,0
0,0
0,0
0,0
0,0
0,0
0,0
0,0
0,0
0,0
0,0
0,0
0,0
0,0
0,0
0,0
1,0
0,0
1,0
1,0
0,0
1,0
0,0
0,0
0,0
1,0
0,0
1,0
1,0
0,0
1,0
0,0
0,0
0,0
0,0
0,0
0,0
1,0
0,0
0,0
1,0
1,0
0,0
0,0
0,0
1,0
0,0
0,0
0,0
1,0
0,0
0,0
0,0
1,0
0,0
0,0
0,0
0,0
0,0
0,0
1,0
0,0
0,1
0,0
0,0
0,0
0,0
0,0
1,0
0,0
0,0
0,0
1,0
0,0
0,0
0,0
0,0
0,0
0,0
1,0
0,0
0,0
1,0
1,0
1,0
0,0
0,1
0,0
1,0
0,0
0,0
1,0
0,0
0,0
0,0
0,0
0,0
0,0
1,0
0,0
1,0
1,0
0,0
0,0
0,0
0,0
0,0
0,0
0,0
0,0
0,0
0,0
0,0
0,0
0,0
0,0
0,0
0,0
1,0
0,0
0,0
0,0
0,0
0,0
0,0
0,0
0,0
0,0
0,0
0,0
0,0
1,0
0,0
0,0
0,0
0,0
1,0
0,0
1,0
0,0
0,0
0,0
0,0
0,0
0,0
0,0
0,0
0,0
0,0
0,0
0,0
1,0
0,0
0,0
0,0
1,0
1,0
0,0
0,0
0,0
1,0
0,0
0,0
0,0
1,0
1,0
0,0
0,0
0,0
1,0
1,0
0,0
0,0
0,0
0,0
0,0
0,0
1,0
0,0
1,0
0,0
0,0
0,0
0,0
0,0
0,0
0,0
0,0
0,0
0,0
0,0
0,0
0,0
0,0
0,0
0,0
0,0
0,0
0,0
0,0
0,0
1,0
0,0
1,0
1,0
0,0
0,0
0,0
0,0
0,0
0,0
0,0
0,0
0,0
1,0
0,0
0,0
0,0
0,0
0,0
0,0
1,0
0,0
0,0
0,0
0,0
0,0
0,0
1,0
0,0
0,0
0,0
0,0
1,0
1,1
0,0
0,0
0,0
0,0
1,0
0,1
0,0
0,0
0,0
0,0
0,0
0,0
0,0
0,0
0,0
0,0
0,0
0,0
0,0
0,0
0,0
0,0
1,0
0,0
0,0
1,0
0,0
0,0
1,0
1,0
0,0
0,0
0,0
0,0
0,0
0,0
0,0
1,0
0,0
0,0
0,0
0,0
0,0
1,0
0,0
0,0
0,0
0,0
0,0
0,0
0,0
0,0
0,0
0,0
0,0
0,0
0,0
0,0
1,0
0,0
0,0
1,0
0,0
0,0
0,0
0,0
0,0
1,0
0,0
0,0
1,0
0,0
0,0
1,0
1,0
0,0
0,0
0,0
0,0
0,0
0,0
0,0
1,0
0,0
0,0
0,0
0,0
0,0
0,0
0,0
0,0
0,0
0,0
0,0
1,0
0,0
1,0
0,0
0,0
0,0
1,0
0,0
0,0
1,0
1,0
0,0
1,0
1,0
0,0
0,0
1,0
0,1
1,0
0,0
0,0
1,0
0,0
0,0
0,0
0,0
0,0
0,0
0,0
0,0
1,0
0,0
0,0
0,0
0,0
0,0
1,0
0,0
0,0
1,0
0,0
0,0
1,0
0,0
0,0
1,0
0,0
1,0
0,0
0,0
0,0
0,0
0,0
0,0
0,0
1,0
0,1
0,0
0,0
0,0
0,0
0,0
0,0
0,0
0,0
0,0
0,0
0,0
0,0
0,0
0,0
0,0
1,0
1,0
0,0
0,0
0,0
0,0
0,0
1,0
1,0
0,0
0,0
0,1
0,0
0,0
0,0
0,0
1,0
1,0
0,0
1,0
0,0
1,0
0,0
1,0
1,0
0,0
0,0
0,0
0,0
1,0
0,0
0,0
0,0
0,0
0,0
1,0
0,0
0,0
0,0
0,0
0,0
0,0
0,0
0,0
1,0
0,0
1,0
0,0
0,0
0,0
0,0
0,0
0,0
0,0
0,0
0,0
0,0
0,0
1,0
0,0
0,0
0,0
0,0
0,0
0,0
0,0
0,0
0,0
0,0
0,0
1,0
0,0
0,0
0,0
0,0
0,0
1,0
1,0
0,0
0,0
1,0
1,0
0,0
1,0
0,0
0,0
0,0
0,0
0,0
0,1
0,0
0,0
0,0
0,0
0,0
0,0
0,0
1,0
0,0
0,0
0,0
1,0
0,0
0,0
1,0
1,0
0,0
0,0
0,0
0,0
0,0
1,0
0,0
0,0
1,0
0,0
0,0
0,0
0,0
0,0
0,1
0,0
0,0
1,0
0,0
0,0
0,0
0,0
0,0
1,0
0,0
0,0
1,0
0,0
0,0
0,0
0,0
0,0
0,0
0,0
0,0
0,0
0,0
0,0
0,0
0,0
1,0
1,0
0,0
0,0
0,1
0,0
0,1
1,0
0,0
0,0
0,0
0,0
0,0
0,0
0,0
0,0
0,0
0,0
0,0
0,0
0,0
0,0
0,0
0,0
0,0
1,0
0,0
0,0
0,0
0,0
0,0
0,0
1,0
0,0
0,0
0,0
0,0
0,0
1,0
0,0
0,0
0,0
0,0
1,0
0,0
0,0
0,0
1,0
0,0
1,0
0,0
0,0
0,0
0,0
1,1
0,0
1,0
0,0
0,0
0,0
1,0
0,0
0,0
1,0
0,0
0,0
0,0
0,0
0,0
0,0
0,0
0,0
0,0
0,0
0,0
0,0
0,0
0,0
0,0
0,0
0,0
0,0
0,0
1,0
0,0
1,0
1,0
0,0
0,0
0,0
0,0
0,0
0,0
0,0
0,0
0,0
0,0
0,0
0,0
0,0
0,0
0,0
0,0
1,0
1,0
0,0
0,0
0,0
0,0
0,0
0,0
1,0
0,0
0,0
0,0
0,0
1,0
0,0
0,0
0,0
0,0
0,0
0,0
0,0
0,0
0,0
0,0
1,0
0,0
0,0
1,0
1,0
0,0
0,0
0,0
1,0
0,0
1,0
0,0
1,0
1,0
0,0
0,0
0,0
0,0
0,0
0,0
1,0
0,0
0,0
0,0
0,0
0,0
0,0
0,0
0,0
0,0
0,0
0,0
0,0
0,0
0,0
1,0
0,0
0,0
0,0
0,0
1,0
1,0
1,0
0,0
0,0
0,0
0,0
0,0
0,0
1,0
1,0
0,0
0,0
0,0
0,0
0,0
0,0
1,0
0,0
0,0
1,0
1,0
1,0
0,0
0,0
0,0
1,0
1,0
0,0
1,0
0,0
1,0
0,0
0,0
0,0
0,0
0,0
0,0
0,0
0,0
1,0
0,0
0,0
0,0
0,0
0,0
0,0
0,0
0,0
0,0
0,0
1,0
1,0
0,0
1,0
0,0
0,0
0,0
1,0
0,0
0,0
0,0
1,0
0,0
1,0
0,0
0,0
1,0
0,0
1,0
0,0
0,0
1,0
0,0
1,0
1,0
0,0
0,0
0,0
0,0
0,0
0,0
0,0
0,0
0,0
0,0
1,0
0,0
1,0
0,0
1,0
0,0
0,0
0,0
0,1
0,0
0,0
0,0
0,0
0,0
0,0
0,1
0,0
0,0
1,0
1,0
1,0
0,0
0,0
0,0
1,0
0,0
0,0
0,0
0,0
0,0
0,0
0,0
0,0
0,0
0,0
0,0
0,0
0,0
0,0
0,0
1,0
0,0
0,0
0,0
0,0
1,0
0,0
0,0
0,1
0,0
0,0
0,0
1,0
1,0
0,0
0,0
0,0
0,0
0,0
0,0
1,0
0,0
0,0
0,0
0,0
1,0
1,0
1,0
0,0
0,0
1,0
1,0
0,0
0,0
0,0
0,0
1,0
0,0
0,0
0,0
0,0
0,0
0,0
0,0
0,0
0,0
0,0
0,0
0,0
0,0
0,0
0,0
1,0
0,0
1,0
1,0
1,0
0,0
0,0
0,0
0,0
0,0
0,0
1,0
0,0
0,0
0,0
1,0
0,0
0,0
0,0
1,0
0,0
0,0
0,0
0,0
1,0
0,0
0,0
0,0
0,0
1,0
0,0
1,0
0,0
0,0
1,0
0,0
1,0
0,0
0,0
0,0
0,0
0,0
0,0
1,0
0,0
0,0
0,0
0,0
0,0
0,0
1,0
0,0
0,0
0,0
1,0
0,0
0,0
0,0
0,0
1,0
1,0
0,0
0,0
0,0
0,0
0,0
0,0
0,0
0,0
0,0
0,0
0,0
1,0
1,0
0,0
0,0
0,0
0,0
1,0
1,0
0,0
0,0
0,0
0,1
0,0
0,0
0,0
1,0
1,0
0,0
0,0
1,0
0,0
1,0
0,0
1,0
0,0
0,0
0,0
0,0
1,0
1,0
0,0
0,1
1,0
1,0
1,0
0,0
0,0
0,0
0,0
1,0
0,0
1,0
0,0
0,0
0,0
0,0
0,0
0,0
1,0
0,0
1,0
0,0
1,0
0,0
0,0
0,0
0,0
0,0
0,0
0,0
0,0
1,0
0,0
0,0
0,0
0,0
0,0
1,0
0,0
1,0
0,0
0,0
0,0
0,0
0,0
0,0
0,0
0,0
1,0
1,0
0,0
0,0
0,0
0,0
0,0
0,0
0,0
0,0
0,0
0,0
0,0
1,0
1,0
0,0
0,0
0,0
1,0
0,0
0,0
1,1
1,0
0,0
0,0
0,0
0,0
0,0
0,0
0,0
1,0
0,0
0,0
0,0
0,0
0,0
0,0
0,0
1,0
0,0
0,0
0,0
0,0
1,0
1,0
0,0
0,0
0,0
0,0
0,0
0,0
0,0
0,0
0,0
0,0
0,0
0,0
0,0
0,0
0,0
1,0
0,0
1,0
0,0
0,0
0,0
0,0
0,0
1,0
0,0
0,0
1,0
0,0
1,0
0,0
1,0
0,0
0,0
1,0
0,0
0,0
0,0
0,0
0,0
0,0
1,1
0,0
1,0
0,0
0,0
0,0
0,0
1,0
0,0
0,0
1,0
1,0
0,0
0,0
0,0
0,0
0,0
0,0
0,0
0,0
0,0
0,0
0,0
0,0
0,0
0,0
1,0
0,0
0,0
0,0
0,0
1,0
0,0
0,0
0,0
0,0
1,0
0,0
0,0
0,0
0,0
0,0
0,0
0,0
0,0
0,0
0,0
0,0
0,0
0,0
0,0
1,0
0,0
0,0
0,0
0,0
0,0
0,0
0,0
0,0
0,0
0,0
0,0
1,0
1,0
0,0
0,0
1,0
0,0
0,0
1,0
1,0
0,0
0,0
0,0
0,0
0,0
0,0
0,0
0,0
1,0
0,0
1,0
0,0
1,0
0,0
0,0
0,0
0,0
0,0
0,0
1,0
0,0
0,0
0,0
0,0
0,0
0,0
0,0
0,0
0,0
1,1
0,0
1,0
0,0
0,0
0,0
0,0
0,0
0,0
0,0
0,0
0,0
0,0
1,0
0,0
1,0
1,0
0,0
1,0
0,0
1,0
0,0
0,1
1,0
0,0
1,0
0,0
1,0
0,0
0,0
0,0
0,0
0,0
0,0
0,0
0,0
0,0
1,0
1,0
0,0
1,0
1,0
0,0
0,0
1,0
1,0
0,0
0,1
0,0
0,0
0,0
0,0
0,0
0,0
0,0
1,0
0,0
1,0
0,0
0,0
1,1
0,0
1,0
0,0
1,0
0,0
0,0
1,0
0,0
1,0
0,0
0,0
0,0
0,0
0,0
0,0
1,0
0,0
0,0
0,0
1,0
0,0
0,0
0,0
0,0
0,0
1,0
0,0
1,0
1,0
0,0
0,0
0,0
0,0
1,0
0,0
0,0
0,0
0,0
0,0
0,0
0,0
0,0
0,0
0,0
1,0
0,0
1,0
0,0
1,0
0,0
0,0
0,0
0,0
0,0
0,0
0,0
0,0
0,0
0,0
0,0
1,0
0,0
0,0
0,0
0,0
0,0
0,0
0,0
1,0
0,0
0,0
0,0
1,0
0,0
0,0
1,0
1,0
1,0
0,0
0,0
1,0
1,0
0,0
1,0
0,0
0,0
1,0
0,0
0,0
0,0
1,0
0,0
0,0
1,0
0,0
1,1
0,0
0,0
0,0
0,0
0,0
0,0
0,0
1,0
1,0
0,0
0,0
1,0
0,0
0,0
0,0
0,0
1,0
1,0
0,0
1,0
1,0
0,0
1,0
1,0
0,0
1,0
0,0
0,0
0,0
1,0
0,0
0,0
0,0
0,0
0,0
0,0
0,0
0,0
0,0
0,0
0,0
1,0
0,0
0,0
0,0
1,0
0,0
0,0
0,0
1,1
0,0
0,0
1,0
1,0
0,0
0,0
0,0
0,0
0,0
0,0
1,0
0,0
0,0
0,0
0,0
0,0
1,0
1,0
0,0
0,0
0,1
0,0
0,0
0,0
0,0
1,0
0,0
0,0
0,0
0,0
0,1
1,0
0,0
0,0
0,0
0,0
0,0
0,0
0,0
0,0
0,0
0,0
0,0
0,0
0,0
0,0
0,0
0,0
0,0
0,0
0,0
0,0
0,0
0,0
0,0
1,0
0,0
0,0
0,1
1,0
1,0
0,0
0,0
0,0
0,0
0,0
1,0
0,0
0,0
1,0
0,0
0,0
0,0
0,0
0,0
0,0
0,0
0,0
0,0
0,0
0,0
1,0
0,0
0,0
1,0
0,0
0,0
0,0
0,0
1,0
1,0
0,0
0,0
0,0
0,0
1,0
0,0
0,0
0,0
0,0
1,0
0,0
0,0
0,0
0,0
1,0
0,0
0,0
0,0
1,0
0,0
1,0
0,0
0,0
0,0
0,0
0,0
0,0
1,0
0,0
0,0
1,0
1,0
0,0
0,0
0,0
0,0
0,0
1,0
0,0
0,0
0,0
0,0
0,0
0,0
0,0
0,0
0,0
0,0
0,0
0,0
0,0
0,0
0,0
0,0
1,0
1,0
0,0
0,0
0,0
0,0
1,0
0,0
0,0
0,0
1,0
0,0
0,0
1,0
1,0
1,0
1,0
0,0
1,0
0,0
0,0
0,0
0,0
0,0
0,0
0,0
0,0
0,0
0,0
1,0
0,0
1,0
0,0
0,0
1,0
0,0
0,0
0,0
0,0
0,0
0,0
0,0
0,0
0,0
0,0
0,0
0,0
0,0
1,1
0,0
0,0
0,0
0,0
0,0
0,0
0,0
0,0
0,0
0,0
0,0
0,0
0,0
1,0
0,0
0,1
0,0
1,0
0,0
0,0
0,0
0,0
0,0
0,0
0,0
1,0
0,0
0,0
0,0
0,0
0,0
0,0
1,0
0,0
0,0
0,0
0,0
0,0
0,0
1,0
0,0
0,0
0,0
0,0
0,0
1,1
1,0
0,0
0,0
1,0
0,0
0,0
1,0
0,0
1,0
0,0
0,0
1,0
0,0
0,0
0,0
1,0
0,0
0,0
0,0
0,1
0,0
0,0
0,0
0,0
0,0
0,0
0,0
0,0
0,0
0,0
0,0
0,0
0,0
1,0
0,0
1,0
0,0
0,0
0,0
0,0
0,0
0,0
0,0
0,0
0,0
0,0
0,0
0,0
1,0
0,0
0,0
0,0
0,0
0,0
0,0
0,0
1,0
0,0
0,0
0,0
0,0
1,0
0,0
0,0
0,0
0,0
0,0
1,1
0,0
0,0
0,0
0,0
0,0
1,0
0,0
0,0
0,0
0,0
1,0
1,0
0,0
1,0
1,0
0,0
0,0
0,0
0,0
0,0
0,0
0,0
0,0
1,0
0,0
1,0
0,0
0,0
0,0
0,1
0,0
0,0
0,0
0,0
0,0
0,0
0,0
1,0
0,0
0,0
0,0
0,0
0,0
0,0
0,0
0,0
1,0
0,0
0,0
1,0
1,0
1,0
1,0
0,0
0,0
1,0
1,0
0,0
0,0
0,0
1,0
0,0
0,0
0,0
0,0
0,0
0,0
0,0
0,0
0,0
1,0
0,0
0,0
0,0
0,0
1,0
0,0
0,0
0,0
1,0
0,0
0,0
0,0
1,0
0,0
0,0
0,0
0,0
0,0
1,0
1,0
1,0
0,0
0,0
1,0
0,1
0,0
1,0
0,0
0,0
0,0
0,0
0,0
1,0
0,0
1,0
0,0
1,0
0,0
1,0
0,0
0,0
0,0
0,0
0,0
0,0
0,0
0,0
0,0
0,0
1,0
0,0
0,0
0,0
1,0
1,0
0,0
0,0
0,0
1,0
1,0
0,0
0,0
0,0
0,0
0,0
0,0
1,0
0,0
0,0
0,0
0,1
0,0
0,0
0,0
0,0
0,0
0,0
0,0
0,0
0,0
0,0
1,0
1,0
1,0
0,0
0,0
0,0
0,0
0,0
1,0
0,0
0,0
0,0
0,0
0,0
0,0
0,0
0,0
0,0
1,0
0,0
0,0
1,0
0,0
0,0
0,0
0,0
0,0
0,0
0,1
0,0
0,0
0,0
1,0
0,0
0,0
0,0
0,0
0,0
0,0
0,0
0,0
0,0
0,0
0,0
0,0
0,0
0,1
1,0
0,0
0,0
0,0
0,0
0,0
0,0
0,0
0,0
0,0
0,0
0,0
0,0
0,0
0,0
0,0
0,0
0,0
0,0
0,0
0,0
0,0
0,0
0,0
0,0
0,0
0,0
0,0
0,0
1,0
1,0
0,0
0,0
0,0
1,0
0,0
0,0
0,0
0,0
0,0
0,0
0,0
0,0
0,0
0,0
1,0
0,0
0,0
0,0
0,0
0,0
0,0
0,0
1,0
0,0
0,0
0,0
1,0
0,0
0,0
0,0
0,0
1,0
0,0
0,0
1,0
0,0
1,0
0,0
0,0
1,0
0,0
1,0
0,0
0,0
0,0
0,0
0,0
0,0
0,0
0,0
0,0
0,0
1,0
0,0
0,0
0,0
0,0
0,0
0,0
0,0
0,0
0,0
1,0
0,0
1,1
0,0
1,0
0,0
0,0
0,0
1,0
1,0
0,0
0,0
0,0
1,0
0,0
0,0
0,0
0,0
0,0
0,0
0,0
0,0
0,0
0,0
0,0
1,0
0,0
1,0
0,0
1,0
1,0
1,0
1,0
0,0
1,0
0,0
0,0
0,0
1,0
0,0
0,0
1,0
0,0
0,0
0,0
0,0
0,0
0,0
0,0
1,0
0,0
0,0
0,0
0,0
1,0
0,0
0,0
1,0
0,0
0,0
1,0
0,0
0,0
1,0
0,0
0,0
0,0
0,0
0,0
0,0
0,0
0,0
0,0
0,0
0,0
1,0
0,0
1,0
0,0
0,0
0,0
0,0
1,0
0,0
1,0
0,0
0,0
0,0
0,0
1,0
1,0
0,0
1,1
1,0
1,0
0,0
0,0
0,0
0,0
1,0
0,0
0,0
0,0
0,0
0,0
0,0
1,0
0,0
0,0
0,0
1,0
0,0
0,0
0,0
1,0
0,0
1,0
0,0
0,0
0,0
0,0
0,0
0,0
0,0
0,0
0,0
1,0
0,0
1,0
0,0
0,0
1,0
0,0
1,0
0,0
0,0
0,0
0,0
0,0
0,0
1,0
0,0
0,0
0,0
0,0
0,0
0,0
0,0
0,0
0,0
1,0
0,0
0,0
1,0
0,0
1,0
0,0
0,0
0,0
0,0
0,0
0,0
0,0
0,0
0,0
0,0
0,0
0,0
0,0
0,0
1,0
1,0
0,0
0,0
0,0
0,0
0,0
1,0
0,0
0,0
0,0
1,0
0,0
0,0
1,0
0,0
0,0
0,0
0,0
0,0
0,0
1,0
0,0
0,0
0,0
0,0
0,0
0,0
0,0
0,0
0,0
0,0
1,0
0,0
0,0
1,0
1,0
0,0
0,0
0,0
0,0
0,0
0,0
0,0
0,0
0,0
0,0
0,0
1,0
0,0
0,0
1,0
0,0
0,0
0,0
1,0
0,0
0,0
0,0
0,0
0,0
0,0
0,0
0,0
0,0
0,0
1,0
0,0
0,0
0,0
0,0
0,0
0,0
0,0
0,0
0,0
0,0
1,0
0,0
0,0
0,0
0,0
0,0
0,0
1,0
0,0
1,0
0,0
0,0
0,0
0,0
0,0
0,0
0,0
0,0
0,0
0,0
0,0
0,0
0,0
0,0
0,0
0,0
1,0
0,0
0,1
0,0
0,1
0,0
1,0
0,0
0,0
0,0
0,0
1,0
0,0
0,0
0,0
1,0
0,1
1,0
0,0
0,0
1,0
0,0
0,0
0,0
0,0
0,0
0,0
0,0
1,0
0,0
1,0
0,0
0,0
1,0
0,0
0,0
0,1
0,0
0,0
1,0
0,0
0,0
0,0
0,0
0,0
0,0
0,0
0,0
0,0
0,0
1,0
0,0
0,0
0,0
0,0
1,1
0,0
0,0
0,0
0,0
0,0
0,0
0,0
0,0
1,0
0,0
0,0
0,0
1,0
1,0
0,0
0,0
1,0
0,0
0,0
0,0
0,1
0,0
0,0
0,0
0,0
0,0
0,0
0,0
0,0
1,0
1,0
0,0
0,0
0,0
1,0
0,0
0,0
0,0
0,1
0,1
0,0
0,0
0,0
0,0
0,0
1,0
0,0
1,0
0,0
0,0
0,0
1,0
0,0
0,0
0,0
0,0
0,0
0,0
0,0
0,0
0,0
0,0
1,0
0,0
0,1
1,0
0,0
0,0
0,0
0,0
0,0
1,0
0,0
0,0
0,0
0,0
0,0
0,0
0,0
0,0
0,0
1,0
1,0
0,0
0,0
1,0
1,0
1,0
0,0
0,0
1,0
0,0
1,0
0,0
0,0
0,0
0,0
0,0
0,0
1,0
0,0
0,0
0,0
0,0
1,0
0,0
1,0
0,0
0,0
0,0
0,0
0,0
0,0
0,0
0,0
1,0
0,0
1,0
0,0
0,0
0,0
0,0
0,0
0,0
0,0
0,0
1,0
0,0
0,0
0,0
0,0
0,0
0,0
0,0
0,0
0,0
0,0
0,0
1,0
0,0
0,0
0,0
0,0
0,0
1,1
0,0
1,0
0,0
0,0
1,0
0,0
0,0
0,0
0,0
1,0
0,0
0,0
0,0
0,0
0,0
0,0
0,0
0,0
0,0
0,0
0,0
0,0
0,0
0,0
0,0
0,0
1,0
0,0
0,0
1,0
0,0
0,0
0,0
0,0
0,0
0,1
1,0
0,0
0,0
0,0
0,0
1,0
0,0
0,0
0,0
0,0
0,0
0,0
0,0
0,0
0,0
0,0
0,0
0,0
0,1
0,0
0,0
0,0
0,0
1,1
1,0
0,0
0,0
0,0
0,0
0,0
0,0
0,0
0,0
1,0
0,0
0,0
0,0
1,0
0,0
0,0
1,0
0,0
0,0
0,0
0,0
0,1
0,0
1,0
1,0
1,0
0,0
0,0
0,0
1,0
0,0
1,0
0,0
0,0
0,0
0,0
0,0
0,0
0,0
1,0
0,0
0,0
1,0
0,0
0,0
0,0
0,1
0,0
1,0
0,0
0,0
0,0
0,0
0,0
0,0
1,0
0,0
1,0
0,0
0,0
0,0
1,0
0,0
0,0
0,0
0,0
0,0
0,0
0,0
1,0
0,0
0,0
0,0
0,0
1,0
0,0
0,0
0,0
0,0
0,0
0,0
1,0
1,0
0,0
1,0
0,0
0,0
0,0
0,0
1,0
0,0
0,1
0,0
0,0
0,0
1,0
1,0
0,0
0,0
0,0
0,0
0,0
1,0
0,0
0,0
0,0
0,0
1,0
0,0
0,0
0,0
0,0
0,0
0,0
0,0
1,0
0,0
0,0
0,0
0,0
0,0
0,0
0,0
1,0
0,0
0,0
0,0
1,0
0,0
0,0
0,0
0,0
0,0
0,0
0,0
0,1
0,0
0,0
0,0
0,0
0,0
1,0
1,0
0,0
1,0
0,0
0,0
0,0
0,0
0,0
0,0
1,0
0,0
1,0
0,0
0,0
0,0
0,0
0,1
0,0
0,0
0,0
0,0
0,0
0,0
0,0
0,0
0,0
0,0
0,0
1,0
1,0
0,0
0,0
0,0
0,0
0,0
0,0
0,0
0,0
1,0
0,1
0,0
0,0
0,0
0,0
0,0
0,0
0,0
0,0
0,0
0,0
0,0
1,0
0,0
0,0
0,0
1,0
0,0
0,0
0,0
1,0
0,0
1,0
0,0
0,0
0,0
0,0
0,1
0,0
0,0
0,0
1,0
0,0
0,0
0,0
0,0
0,0
0,0
0,0
0,0
0,0
0,0
0,0
0,0
0,0
0,0
0,0
0,0
0,0
0,0
1,0
0,0
0,0
0,0
0,0
0,0
0,0
0,0
0,0
1,0
0,0
0,0
0,0
0,0
1,0
0,0
1,1
1,0
0,0
0,0
0,0
1,0
0,0
0,0
1,0
0,0
1,0
0,0
1,0
0,0
0,0
1,0
0,0
0,0
0,0
0,0
0,0
1,0
0,0
1,0
0,0
0,0
0,0
1,0
0,0
0,0
0,0
0,0
0,0
0,0
0,0
0,0
0,0
0,0
0,0
0,0
0,0
0,1
0,0
0,0
0,0
0,1
0,0
0,0
0,0
0,1
0,0
0,0
0,0
0,0
1,0
0,0
0,0
0,0
0,0
0,0
0,0
0,0
1,0
0,0
0,0
0,0
0,0
0,0
0,0
0,0
0,0
0,0
0,1
0,0
0,1
0,0
0,0
0,0
0,0
0,0
0,0
0,0
0,0
0,0
1,0
0,0
0,0
0,0
0,0
0,0
0,0
0,0
0,0
0,0
0,0
0,0
0,0
0,0
1,0
0,0
0,0
0,0
1,0
0,0
0,0
0,0
1,0
0,0
1,0
0,1
0,0
0,0
0,0
0,0
1,0
0,0
0,0
0,0
1,0
0,0
0,0
0,0
0,0
1,0
0,0
0,0
1,0
0,0
0,0
0,0
0,0
0,0
0,0
0,0
0,0
0,0
0,0
0,0
0,0
0,0
0,0
0,0
1,1
0,0
0,0
0,0
0,0
0,0
0,0
0,0
0,0
0,0
1,0
0,0
0,1
0,0
0,0
0,0
1,0
0,0
0,0
0,0
1,0
0,0
0,0
0,0
1,0
1,0
1,0
0,0
0,0
0,0
1,0
0,0
0,0
0,0
1,0
0,0
0,0
0,0
0,0
0,0
0,0
0,0
1,0
0,0
0,0
0,0
0,0
0,0
1,0
0,0
0,0
0,0
0,0
1,0
1,0
0,1
0,0
1,0
1,0
0,0
0,0
1,0
0,0
0,0
0,0
1,0
1,1
0,0
0,0
0,0
0,0
0,0
0,0
0,0
0,0
1,0
0,0
1,0
1,0
0,0
0,0
0,0
0,0
0,0
0,0
0,0
1,0
1,0
1,0
0,0
1,0
0,0
0,0
0,0
0,0
0,0
0,0
1,0
0,0
1,0
1,0
0,0
0,0
0,0
0,0
0,0
0,0
0,0
0,0
0,0
0,0
0,0
0,0
0,0
0,0
0,1
1,0
0,0
0,0
1,0
1,0
0,0
1,0
0,0
0,0
0,0
0,0
0,0
0,0
1,0
0,0
1,0
0,0
1,0
1,0
1,0
0,0
0,0
1,0
0,0
0,0
0,0
0,0
1,0
0,0
0,0
0,0
1,0
0,0
0,0
1,0
0,0
0,0
0,0
0,0
0,0
0,0
0,0
0,0
0,0
0,0
0,0
0,0
0,0
0,0
0,0
1,0
0,0
0,0
0,0
0,0
0,0
0,0
0,0
1,0
0,0
0,0
0,0
0,0
0,0
0,0
0,0
0,0
0,0
0,0
0,0
0,0
0,0
0,0
1,0
0,0
0,0
0,0
0,0
0,0
0,0
0,0
1,0
0,0
0,0
0,0
0,0
0,0
1,0
0,0
1,0
1,0
1,0
0,0
0,0
1,0
1,0
0,0
0,0
0,0
0,0
1,1
0,0
0,0
0,0
0,0
0,0
0,0
0,0
0,0
0,0
1,0
0,0
0,0
0,0
1,0
0,0
0,0
0,0
0,0
0,0
0,0
0,0
0,0
0,1
0,0
0,0
0,0
0,0
0,0
1,1
0,0
1,0
0,0
0,0
0,0
0,0
1,0
0,0
0,0
0,0
0,0
0,0
0,0
0,0
0,0
0,0
0,0
0,0
0,0
0,0
0,0
0,0
0,0
1,0
0,0
1,1
0,0
0,0
0,0
0,0
0,0
0,1
0,0
0,0
0,0
0,0
1,0
0,0
0,0
0,0
0,0
0,0
1,0
0,0
0,0
1,0
0,0
0,0
0,0
0,1
0,0
0,0
0,0
0,0
1,0
1,0
1,0
0,0
0,0
0,0
1,0
1,0
1,0
0,0
0,0
0,0
1,0
0,0
1,0
0,0
0,0
0,0
0,0
0,0
0,0
0,0
0,0
0,0
1,0
0,0
1,0
0,0
0,1
0,0
1,0
0,0
0,0
0,0
1,0
0,0
1,0
0,0
0,0
0,0
1,0
0,0
0,0
0,0
0,0
0,0
0,0
1,0
1,0
0,0
0,0
0,1
0,0
0,0
1,0
0,0
0,0
1,0
1,0
0,0
0,0
0,0
0,0
0,0
0,0
0,0
0,0
0,0
0,0
0,0
1,0
0,0
0,0
0,0
0,0
0,0
1,0
0,0
0,0
0,0
0,0
0,0
0,0
0,0
0,0
0,0
0,0
0,0
1,1
0,0
0,0
0,0
0,0
0,0
1,0
0,1
0,0
0,0
0,0
0,0
1,0
0,0
0,0
0,0
1,0
0,0
0,0
0,0
0,0
1,1
0,0
1,0
0,0
1,0
0,0
0,0
0,0
1,0
0,0
0,0
0,0
0,0
0,0
0,0
1,0
1,0
1,0
0,0
0,0
0,1
0,0
0,0
0,0
1,0
0,0
0,0
0,0
1,1
0,0
0,0
0,0
0,0
0,0
0,0
0,0
0,0
1,0
0,0
0,0
0,1
0,0
0,0
0,1
0,0
0,0
0,0
1,0
0,0
0,0
0,0
0,1
0,0
0,0
0,0
0,0
0,0
0,0
0,0
0,0
0,0
1,0
0,0
0,0
0,0
0,0
0,0
0,0
1,0
0,0
0,0
0,0
0,0
0,0
0,0
0,0
0,0
0,0
0,0
0,0
0,0
0,0
0,0
1,0
0,0
1,0
0,0
0,0
0,0
0,0
0,0
0,0
0,0
0,0
1,0
0,0
0,0
0,0
0,0
0,0
0,0
0,0
0,0
0,0
0,0
1,0
1,0
0,0
1,0
0,0
0,0
0,0
0,0
0,0
0,0
0,0
1,0
1,0
0,0
0,0
1,0
1,0
0,0
0,0
0,0
0,0
1,0
0,0
0,0
1,0
0,0
1,0
0,1
0,0
0,0
0,0
0,0
0,0
0,0
0,0
0,0
0,0
0,0
0,0
0,0
0,1
0,0
0,0
0,0
0,0
0,0
0,0
0,0
0,0
1,0
0,1
1,0
1,0
0,0
0,0
0,0
0,0
0,0
0,0
0,0
0,0
0,0
0,0
0,0
0,0
0,0
0,0
1,0
1,0
0,0
0,0
0,0
0,0
0,0
0,0
1,1
0,0
0,0
0,0
0,1
0,1
0,0
0,0
1,0
1,0
0,0
0,0
0,0
0,0
0,0
0,0
0,0
0,0
0,0
0,0
0,1
0,0
1,0
0,1
0,0
0,0
0,0
1,0
0,0
0,0
0,0
0,0
0,0
0,0
0,1
0,0
1,1
0,0
1,0
1,0
0,0
0,0
0,0
0,0
0,0
0,0
0,0
0,0
0,0
0,0
0,0
0,0
0,0
0,0
0,0
0,0
0,0
0,0
0,0
0,0
0,0
0,0
0,0
0,0
0,0
0,0
0,0
0,0
0,0
1,0
0,0
1,0
0,0
0,0
1,0
0,0
0,0
0,0
1,0
0,0
0,0
1,0
0,0
0,1
0,0
0,0
0,0
1,0
0,0
0,0
0,0
0,0
0,0
0,0
0,0
1,0
0,0
0,0
0,0
0,0
0,0
0,0
0,1
0,0
1,0
1,0
0,0
1,0
0,0
0,0
0,0
0,0
0,0
0,0
1,1
0,0
1,0
1,0
1,0
